{
"type": "FeatureCollection",
"name": "konsesi_sawit",
"crs": { "type": "name", "properties": { "name": "urn:ogc:def:crs:OGC:1.3:CRS84" } },
"features": [
{ "type": "Feature", "properties": { "objectid": 6309, "country": "IDN", "name": "PT. Borneo Agro Sawit", "company": "PT. Borneo Agro Sawit", "group_comp": "No group", "subgroup": null, "groupid": "99", "type": "Ijin Lokasi", "area_ha": "24551", "source": "Varies", "last_updat": "2014", "gfwid": "85026792-97a6-441d-8cda-1a29fc93d7b8", "cert_stat": null, "globalid": "{C28EC39C-B45F-4D33-AA0C-349F98F1782D}", "st_areasha": 247536697.668392, "st_lengths": 94745.674394999995 }, "geometry": { "type": "MultiPolygon", "coordinates": [ [ [ [ 117.421953277474302, 2.375780303432204 ], [ 117.440397852502173, 2.390819495346556 ], [ 117.446554748254357, 2.396787816888177 ], [ 117.460514050339953, 2.385574726908848 ], [ 117.468025848085716, 2.372038083832358 ], [ 117.465809697093277, 2.340917634395836 ], [ 117.446634363243021, 2.315140273946215 ], [ 117.447378159315136, 2.3101461545902 ], [ 117.446376565621136, 2.294160613690236 ], [ 117.445031335788201, 2.281015895448331 ], [ 117.446742203297944, 2.273189797687936 ], [ 117.453564288941607, 2.260332032041444 ], [ 117.462253186933381, 2.251789024192088 ], [ 117.477838469327679, 2.2441755627049 ], [ 117.473877291488478, 2.223187473527338 ], [ 117.4603537747236, 2.184896626439149 ], [ 117.444073650846946, 2.177241311310426 ], [ 117.425878202003574, 2.169585981532373 ], [ 117.411513372550942, 2.164801410919085 ], [ 117.401936810599338, 2.162887571082075 ], [ 117.398011677660932, 2.154969011205015 ], [ 117.370239667764309, 2.149227520952112 ], [ 117.36162075302471, 2.123390800249239 ], [ 117.346298276360102, 2.124347720474483 ], [ 117.285965988167433, 2.147313696539712 ], [ 117.287881284388078, 2.154969012102708 ], [ 117.292669579736895, 2.164538166151678 ], [ 117.295542550118981, 2.17506424248866 ], [ 117.296500198229324, 2.182719557020368 ], [ 117.300330818518376, 2.195159457436047 ], [ 117.299762346640264, 2.203111965192028 ], [ 117.305946044527289, 2.199357542975675 ], [ 117.351672425987772, 2.179471139070287 ], [ 117.351740476963784, 2.194136327558619 ], [ 117.365138466744128, 2.193671704879684 ], [ 117.358682140948176, 2.206230513768324 ], [ 117.357061910755661, 2.207217028331354 ], [ 117.357489947208748, 2.222533498400544 ], [ 117.361303814816083, 2.248406973221153 ], [ 117.392614729689654, 2.247032756474748 ], [ 117.400027714550802, 2.268155367475938 ], [ 117.398070805671267, 2.297911331765637 ], [ 117.414526798120974, 2.337035653218428 ], [ 117.421953277474302, 2.375780303432204 ] ] ] ] } },
{ "type": "Feature", "properties": { "objectid": 6316, "country": "IDN", "name": "PT. Kartika Plantanusa Kencana", "company": "PT. Kartika Plantanusa Kencana", "group_comp": "No group", "subgroup": null, "groupid": "99", "type": "Ijin Lokasi", "area_ha": "22762", "source": "Varies", "last_updat": "2014", "gfwid": "c44563c5-f4c7-4646-9a70-f43f63f3cf0a", "cert_stat": null, "globalid": "{E7A56ABD-D284-4C97-ABC7-C8281DF1E37F}", "st_areasha": 229309657.66572499, "st_lengths": 71781.606795999993 }, "geometry": { "type": "MultiPolygon", "coordinates": [ [ [ [ 117.046304114852305, 1.647593960243641 ], [ 117.066253351811397, 1.629321311930878 ], [ 117.079552815269679, 1.619354410620783 ], [ 117.099502023482657, 1.602742902329653 ], [ 117.112801514788728, 1.5695199022254 ], [ 117.121113674621711, 1.557891861474531 ], [ 117.132750723001735, 1.537958057327689 ], [ 117.141062884631324, 1.509718508209573 ], [ 117.144387770483419, 1.491445861069913 ], [ 117.146050214307806, 1.458222844665037 ], [ 117.142725327557386, 1.423338704332924 ], [ 117.137738024830384, 1.395099155633903 ], [ 117.136075581904379, 1.366859606529374 ], [ 117.119451259543453, 1.37682650798566 ], [ 117.106151769135693, 1.385132254471056 ], [ 117.099502023482657, 1.395099155633903 ], [ 117.094514720755697, 1.405066057678451 ], [ 117.084540117098356, 1.41004950803896 ], [ 117.069578209815731, 1.41171064770764 ], [ 117.049629001602725, 1.431644450776083 ], [ 117.046304114852305, 1.647593960243641 ] ] ] ] } },
{ "type": "Feature", "properties": { "objectid": 6317, "country": "IDN", "name": "PT. Kartika Indosindonusa", "company": "PT. Kartika Indosindonusa", "group_comp": "No group", "subgroup": null, "groupid": "99", "type": "Ijin Lokasi", "area_ha": "15077", "source": "Varies", "last_updat": "2014", "gfwid": "b1e5a044-0c0a-449e-be4a-8c452ab3593e", "cert_stat": null, "globalid": "{3959AAD7-DCC1-412B-A5BC-317F44F95372}", "st_areasha": 151874799.25773796, "st_lengths": 58535.265219000001 }, "geometry": { "type": "MultiPolygon", "coordinates": [ [ [ [ 117.136075581904379, 1.366859606529374 ], [ 117.137738024830384, 1.395099155633903 ], [ 117.142725327557386, 1.423338704332924 ], [ 117.146050214307806, 1.458222844665037 ], [ 117.144387770483419, 1.491445861069913 ], [ 117.163926939091738, 1.492924001870847 ], [ 117.163732638885691, 1.487648831303673 ], [ 117.165784924593865, 1.485391317418076 ], [ 117.172352235446567, 1.483954718185934 ], [ 117.17652800104419, 1.480594978537117 ], [ 117.179740460941844, 1.478824005317636 ], [ 117.181295098847258, 1.475174560145727 ], [ 117.185692087160021, 1.472051465717404 ], [ 117.188975743933824, 1.467536438060048 ], [ 117.195543054786498, 1.465484153746604 ], [ 117.196569197640585, 1.468562580857741 ], [ 117.1939012272979, 1.470614866835404 ], [ 117.192054170699492, 1.470820094790601 ], [ 117.188625958826776, 1.474314582444948 ], [ 117.184665945204216, 1.477182178069282 ], [ 117.181587517540237, 1.480465834045445 ], [ 117.179466256489533, 1.484726493736619 ], [ 117.175841119533516, 1.485801775068031 ], [ 117.172967921877657, 1.487648831303673 ], [ 117.170299950636675, 1.489495887789001 ], [ 117.169889493315367, 1.493600457698149 ], [ 117.233894894788392, 1.498217087615599 ], [ 117.238357966766714, 1.474105884870001 ], [ 117.240831945025477, 1.449035896647905 ], [ 117.236491053807271, 1.426536021334403 ], [ 117.228963602917702, 1.398789067253157 ], [ 117.215873485548187, 1.374751913464934 ], [ 117.201359409994225, 1.347014452839505 ], [ 117.192598376386798, 1.350248098233295 ], [ 117.175974027076464, 1.351909253655479 ], [ 117.157687233941729, 1.358553844206927 ], [ 117.144387771381773, 1.363537295339026 ], [ 117.136075581904379, 1.366859606529374 ] ] ] ] } },
{ "type": "Feature", "properties": { "objectid": 6359, "country": "IDN", "name": "PT. Teras Cakra Perdana", "company": "PT. Teras Cakra Perdana", "group_comp": "No group", "subgroup": null, "groupid": "99", "type": "Ijin Lokasi", "area_ha": "20039", "source": "Varies", "last_updat": "2014", "gfwid": "50e2aa18-f985-4805-a99a-f27ce06078e2", "cert_stat": null, "globalid": "{3014F01E-6F47-421C-A973-B71056AAC9DE}", "st_areasha": 202073741.5975, "st_lengths": 64105.717277999996 }, "geometry": { "type": "MultiPolygon", "coordinates": [ [ [ [ 116.902386402097477, 2.292633899369965 ], [ 116.898868867142824, 2.313224105538052 ], [ 116.87414125942216, 2.31512476013817 ], [ 116.905591615285729, 2.355937881802611 ], [ 116.913349028599839, 2.367835393963 ], [ 116.922771285138452, 2.398922496494906 ], [ 116.924673404870489, 2.412227071044436 ], [ 116.929500951207359, 2.424104034186353 ], [ 117.015360460911253, 2.416607535981524 ], [ 117.015024214313911, 2.389419229556225 ], [ 117.017877393013663, 2.383717285015734 ], [ 117.021681631579469, 2.370412711339241 ], [ 117.028339076692788, 2.361859780153007 ], [ 117.033316691089453, 2.356829394245438 ], [ 117.020970109280569, 2.340738447076232 ], [ 117.011459511518623, 2.323632582707063 ], [ 117.00385100653925, 2.311278326819752 ], [ 117.000903046593862, 2.295153275619608 ], [ 117.000783877884913, 2.291869154363294 ], [ 116.997017708124247, 2.279338820183721 ], [ 116.989585111243798, 2.248556796482165 ], [ 116.987410131837464, 2.238158032397188 ], [ 116.987168926997128, 2.23804221927424 ], [ 116.984035402063512, 2.236930899882973 ], [ 116.98118211646424, 2.236117104938435 ], [ 116.98017340182497, 2.235962899962871 ], [ 116.979030795987526, 2.235991343206532 ], [ 116.971238402276285, 2.236927900001062 ], [ 116.967253883511049, 2.237506352882795 ], [ 116.966649401766446, 2.23765290001207 ], [ 116.966154271941448, 2.238008704460432 ], [ 116.965199401421955, 2.239585899798423 ], [ 116.964366419710132, 2.241706580250184 ], [ 116.963988402350395, 2.243454899664973 ], [ 116.963985901440623, 2.246234899990815 ], [ 116.963983402327514, 2.249014899513986 ], [ 116.963423003608881, 2.253101080704817 ], [ 116.962769401984559, 2.256267899618693 ], [ 116.962178029354931, 2.258432923261128 ], [ 116.961315402340432, 2.261103900206574 ], [ 116.959107878767952, 2.266422545399073 ], [ 116.956477402308579, 2.271014899950568 ], [ 116.95393890165623, 2.27452039915251 ], [ 116.951400401902177, 2.278025899709469 ], [ 116.949949401732738, 2.280322399641936 ], [ 116.948498402461681, 2.282618900397098 ], [ 116.94575731913632, 2.285134692175992 ], [ 116.940042401690434, 2.287452899965095 ], [ 116.936105015731556, 2.288240532512673 ], [ 116.934262402200559, 2.288287900605106 ], [ 116.932934901518067, 2.288045899830065 ], [ 116.931607401733928, 2.287803899911764 ], [ 116.930219545044181, 2.287944260192487 ], [ 116.927743401845532, 2.288286899782292 ], [ 116.926294401325961, 2.288528399656559 ], [ 116.924845401704687, 2.288769900387744 ], [ 116.922788813964559, 2.28885351977756 ], [ 116.920499402665769, 2.288526899768979 ], [ 116.918333551041044, 2.288004909171421 ], [ 116.912774401465413, 2.286591899854926 ], [ 116.91048140229536, 2.285986900267049 ], [ 116.908188402226997, 2.28538190042413 ], [ 116.906103672065669, 2.285117739187309 ], [ 116.90480740221237, 2.285380899599293 ], [ 116.904248887260877, 2.285757610922611 ], [ 116.903841402464877, 2.286347899838198 ], [ 116.903597901530674, 2.288160899324392 ], [ 116.903354401494809, 2.289973900108735 ], [ 116.902741603147334, 2.291813075212934 ], [ 116.902386402097477, 2.292633899369965 ] ] ] ] } },
{ "type": "Feature", "properties": { "objectid": 6360, "country": "IDN", "name": "PT. Repindo Jaya Sawit Sejati", "company": "PT. Repindo Jaya Sawit Sejati", "group_comp": "No group", "subgroup": null, "groupid": "99", "type": "Ijin Lokasi", "area_ha": "16471", "source": "Varies", "last_updat": "2014", "gfwid": "5859149d-216c-48f3-a765-0065073e2b1c", "cert_stat": null, "globalid": "{4E6209E5-AD5B-4E84-9162-1B22155276AB}", "st_areasha": 166087417.41443199, "st_lengths": 71680.83101 }, "geometry": { "type": "MultiPolygon", "coordinates": [ [ [ [ 117.541218957773324, 2.420302805084074 ], [ 117.550647759437055, 2.420118053625486 ], [ 117.556785535446764, 2.4194098897285 ], [ 117.56239718346589, 2.417462518779223 ], [ 117.565904300658161, 2.415877879211541 ], [ 117.569937569197251, 2.414283962844832 ], [ 117.573269205888693, 2.412527494940892 ], [ 117.583607664965314, 2.407592632698313 ], [ 117.587353145626693, 2.404877012876883 ], [ 117.589906685873558, 2.403003243338852 ], [ 117.591950683724946, 2.400568799730574 ], [ 117.595358697876833, 2.394904098803581 ], [ 117.600016291945067, 2.386633410591275 ], [ 117.603536771577197, 2.381194822267624 ], [ 117.606150550152094, 2.375819957784666 ], [ 117.608934383403465, 2.369866033539124 ], [ 117.609389054006471, 2.36839122934867 ], [ 117.611377704856551, 2.364256032301741 ], [ 117.614329625474042, 2.360979839491527 ], [ 117.618301653165204, 2.358716409844424 ], [ 117.621933588571309, 2.356453125508454 ], [ 117.630669350773132, 2.353907076461677 ], [ 117.636626694768125, 2.351651750145967 ], [ 117.640543246100634, 2.347461374231626 ], [ 117.644517738768968, 2.342194422707045 ], [ 117.646846958909578, 2.336982510902569 ], [ 117.647547893664523, 2.311072764699285 ], [ 117.619026918789658, 2.303730640031874 ], [ 117.619312925308122, 2.300898918171429 ], [ 117.619261924356167, 2.293417369610272 ], [ 117.619468590770467, 2.287763130953188 ], [ 117.621791745486291, 2.286586057376465 ], [ 117.62533492913893, 2.284829462950683 ], [ 117.628075884005185, 2.282783722645252 ], [ 117.630649354274922, 2.280792332919485 ], [ 117.632474200926239, 2.278973157590704 ], [ 117.634246179028167, 2.277090677203352 ], [ 117.635850431785016, 2.274701660212581 ], [ 117.636995736161552, 2.272937063463283 ], [ 117.638203864217502, 2.268322756750716 ], [ 117.635479021534181, 2.265980889428409 ], [ 117.634444853131299, 2.264805285409699 ], [ 117.633258851479141, 2.26345786089261 ], [ 117.633611159953801, 2.260608022111622 ], [ 117.636695993504077, 2.25714181119666 ], [ 117.63909305980485, 2.256751749311383 ], [ 117.641389769017053, 2.256641380822697 ], [ 117.641669393903726, 2.254969066102655 ], [ 117.642249407336607, 2.25352021390818 ], [ 117.64287515220397, 2.251667002402389 ], [ 117.642829419871148, 2.250912267528813 ], [ 117.641959407806695, 2.25004295522081 ], [ 117.641089395742242, 2.249173643292196 ], [ 117.641186531472201, 2.248301985354682 ], [ 117.641669393903726, 2.24743501698346 ], [ 117.642539406866533, 2.246855477412422 ], [ 117.643409418930958, 2.246275938509033 ], [ 117.643875169354658, 2.245240950479399 ], [ 117.643989445838585, 2.244537297081213 ], [ 117.643989445838585, 2.242798671538049 ], [ 117.644054745274886, 2.239770430788925 ], [ 117.646309469925654, 2.238162326659019 ], [ 117.647179481990108, 2.237582787903322 ], [ 117.648049494952886, 2.237003248020959 ], [ 117.648955716309814, 2.236253136457595 ], [ 117.649789519081835, 2.23526462251198 ], [ 117.649950620249911, 2.234404822092114 ], [ 117.649209520920294, 2.232946449869151 ], [ 117.647913857429813, 2.232176047020218 ], [ 117.646309469925654, 2.232366901873116 ], [ 117.645524401656118, 2.232390900105243 ], [ 117.644920885600456, 2.232754031414339 ], [ 117.642627402238475, 2.232389900141535 ], [ 117.640147207637966, 2.229873668780253 ], [ 117.637802401727129, 2.227794899830362 ], [ 117.636687606832595, 2.22763159374391 ], [ 117.635629401309387, 2.227552899752537 ], [ 117.632888456324594, 2.227716128650946 ], [ 117.631041401522822, 2.228276899933663 ], [ 117.630194901962597, 2.229606899698319 ], [ 117.629348402402357, 2.2309369000562 ], [ 117.627629087135702, 2.231342558040649 ], [ 117.62548440161568, 2.231418899130402 ], [ 117.622120901681114, 2.231123399748386 ], [ 117.618757401746507, 2.230827900306982 ], [ 117.617067402100858, 2.230827900306982 ], [ 117.615154605891604, 2.23029665948818 ], [ 117.609585402371366, 2.227924900004114 ], [ 117.604894367618328, 2.226665919761869 ], [ 117.603309402588934, 2.225989900202614 ], [ 117.602661874474251, 2.225375631531124 ], [ 117.600414401922791, 2.222361900234272 ], [ 117.599208901439056, 2.220548399584833 ], [ 117.598003401853646, 2.218734900300285 ], [ 117.59756097618633, 2.218236852625248 ], [ 117.595591401959595, 2.216316899889656 ], [ 117.591610006636614, 2.213002358193257 ], [ 117.590283401574482, 2.212447899641885 ], [ 117.589945909013821, 2.21239607766067 ], [ 117.588593401928776, 2.212204899766747 ], [ 117.586540902421518, 2.211962899829337 ], [ 117.584488402015978, 2.211720899852476 ], [ 117.582535233721259, 2.209406342770853 ], [ 117.580632402523534, 2.203983900299324 ], [ 117.578663414896653, 2.201928677218924 ], [ 117.577497401657865, 2.200597900369406 ], [ 117.577165434634523, 2.199693358716784 ], [ 117.549391238238485, 2.199693359614451 ], [ 117.547475943814447, 2.21596092413882 ], [ 117.552264210417206, 2.232228474209883 ], [ 117.559925449198658, 2.255194450301625 ], [ 117.567586687081857, 2.276246585384742 ], [ 117.572374982430688, 2.288686485645566 ], [ 117.575247925863309, 2.312609382050742 ], [ 117.573332630540975, 2.336532262826608 ], [ 117.558967801088372, 2.357584397895133 ], [ 117.548433591026466, 2.381507278207949 ], [ 117.540772353143282, 2.395861019621197 ], [ 117.5378993818629, 2.405430174820332 ], [ 117.541218957773324, 2.420302805084074 ] ] ] ] } },
{ "type": "Feature", "properties": { "objectid": 6361, "country": "IDN", "name": "PT. Berau Perkasa Mandiri", "company": "PT. Berau Perkasa Mandiri", "group_comp": "No group", "subgroup": null, "groupid": "99", "type": "Ijin Lokasi", "area_ha": "12023", "source": "Varies", "last_updat": "2014", "gfwid": "ec141459-1c73-47bf-93d3-ad08a506447a", "cert_stat": null, "globalid": "{C8021661-BF84-42BA-8716-B4D73685859F}", "st_areasha": 121240987.20255102, "st_lengths": 59278.666585 }, "geometry": { "type": "MultiPolygon", "coordinates": [ [ [ [ 117.541218957773324, 2.420302805084074 ], [ 117.5378993818629, 2.405430174820332 ], [ 117.540772353143282, 2.395861019621197 ], [ 117.548433591026466, 2.381507278207949 ], [ 117.558967801088372, 2.357584397895133 ], [ 117.573332630540975, 2.336532262826608 ], [ 117.575247925863309, 2.312609382050742 ], [ 117.572374982430688, 2.288686485645566 ], [ 117.567586687081857, 2.276246585384742 ], [ 117.559925449198658, 2.255194450301625 ], [ 117.552264210417206, 2.232228474209883 ], [ 117.547475943814447, 2.21596092413882 ], [ 117.510127371067924, 2.227443905138528 ], [ 117.510127371067924, 2.236056139618975 ], [ 117.509169722957594, 2.241797629329123 ], [ 117.508212046999503, 2.249452960274617 ], [ 117.512042666390244, 2.254237529239234 ], [ 117.518746257061409, 2.259979036293786 ], [ 117.523534551511943, 2.26954817440539 ], [ 117.530238143081391, 2.283901916669589 ], [ 117.534068762472131, 2.294427975879271 ], [ 117.534068762472131, 2.303040226781469 ], [ 117.531195791191735, 2.309738621231173 ], [ 117.527365170902655, 2.314523207701892 ], [ 117.519703933019514, 2.317393951655527 ], [ 117.50438142850706, 2.32313544184001 ], [ 117.506514141281002, 2.329115454030295 ], [ 117.505419900738445, 2.343807869011515 ], [ 117.493745838175457, 2.355093445629175 ], [ 117.493809713782085, 2.376760562891837 ], [ 117.504740202156825, 2.393239868636111 ], [ 117.512148761916876, 2.42371574825948 ], [ 117.524809340850169, 2.424751253737869 ], [ 117.528049041260459, 2.432068820410529 ], [ 117.539760001225432, 2.431177581287714 ], [ 117.539814146280847, 2.428798264679355 ], [ 117.539954088530777, 2.42729644886603 ], [ 117.540585353545538, 2.424392189167092 ], [ 117.541218957773324, 2.420302805084074 ] ] ] ] } },
{ "type": "Feature", "properties": { "objectid": 6362, "country": "IDN", "name": "Koperasi Maju Karya Lestari", "company": "Koperasi Maju Karya Lestari", "group_comp": "No group", "subgroup": null, "groupid": "99", "type": "Ijin Lokasi", "area_ha": "3304", "source": "Varies", "last_updat": "2014", "gfwid": "24b42847-e8a1-4eae-80aa-2300dfc6d53a", "cert_stat": null, "globalid": "{6BDD93F3-4F68-412F-89C4-193638874FFD}", "st_areasha": 33317767.948555999, "st_lengths": 34022.74335 }, "geometry": { "type": "MultiPolygon", "coordinates": [ [ [ [ 117.506514141281002, 2.329115454030295 ], [ 117.50438142850706, 2.32313544184001 ], [ 117.519703933019514, 2.317393951655527 ], [ 117.527365170902655, 2.314523207701892 ], [ 117.531195791191735, 2.309738621231173 ], [ 117.534068762472131, 2.303040226781469 ], [ 117.534068762472131, 2.294427975879271 ], [ 117.530238143081391, 2.283901916669589 ], [ 117.523534551511943, 2.26954817440539 ], [ 117.518746257061409, 2.259979036293786 ], [ 117.512042666390244, 2.254237529239234 ], [ 117.508212046999503, 2.249452960274617 ], [ 117.509169722957594, 2.241797629329123 ], [ 117.510127371067924, 2.236056139618975 ], [ 117.510127371067924, 2.227443905138528 ], [ 117.477838469327679, 2.2441755627049 ], [ 117.483948357139354, 2.244354479362543 ], [ 117.499905568112382, 2.258416901686026 ], [ 117.491526126261249, 2.265503450873272 ], [ 117.509796406564419, 2.281980393415445 ], [ 117.494310093361634, 2.301517938101375 ], [ 117.486941953297787, 2.301249080058364 ], [ 117.485102157781839, 2.304479433917933 ], [ 117.483954792670033, 2.309147997311908 ], [ 117.482764454849985, 2.316403972852605 ], [ 117.489923527302807, 2.327963355576529 ], [ 117.506514141281002, 2.329115454030295 ] ] ] ] } },
{ "type": "Feature", "properties": { "objectid": 6368, "country": "IDN", "name": "PT. Kartika Propitaganda", "company": "PT. Kartika Propitaganda", "group_comp": "No group", "subgroup": null, "groupid": "99", "type": "Ijin Lokasi", "area_ha": "10026", "source": "Varies", "last_updat": "2014", "gfwid": "7beaf679-5493-4259-a192-01c6e83464fc", "cert_stat": null, "globalid": "{E6697C96-E56D-40F4-BA38-88F69944B54D}", "st_areasha": 101018058.02243499, "st_lengths": 118186.63148300002 }, "geometry": { "type": "MultiPolygon", "coordinates": [ [ [ [ 117.996247888817109, 1.678402423527867 ], [ 118.051778983650081, 1.679723562580897 ], [ 118.052839762846588, 1.674122089465873 ], [ 118.070265896277263, 1.674122088567926 ], [ 118.070991985656804, 1.680651837154728 ], [ 118.073170251998775, 1.679926304225396 ], [ 118.077526785581043, 1.673396555911524 ], [ 118.085513763365995, 1.661788109227291 ], [ 118.09204856329022, 1.654532827582764 ], [ 118.100761629556388, 1.645100964710427 ], [ 118.108022518860139, 1.634943567094685 ], [ 118.118187762987091, 1.624060653642165 ], [ 118.12907909559523, 1.619707487991818 ], [ 118.143600874202747, 1.618981956181011 ], [ 118.150861762608187, 1.614628790397576 ], [ 118.156670473152872, 1.605196925590966 ], [ 118.164657450937838, 1.595765062172236 ], [ 118.177727050786274, 1.585607681905312 ], [ 118.192248828495465, 1.579077934004759 ], [ 118.20334884333738, 1.570846299207708 ], [ 118.21641844318583, 1.563591018405647 ], [ 118.230214132413792, 1.55488468678397 ], [ 118.244735909224644, 1.548354923918768 ], [ 118.252722887009625, 1.545452823676374 ], [ 118.262888131136549, 1.5374720093986 ], [ 118.278862086706496, 1.531667795064139 ], [ 118.287575153871003, 1.528040145484441 ], [ 118.294109953795257, 1.52078486477674 ], [ 118.300644753719453, 1.517882764874793 ], [ 118.312262176605444, 1.512804066534712 ], [ 118.328236131277109, 1.504823252404375 ], [ 118.346388353188999, 1.499019037514423 ], [ 118.355101419455167, 1.496842453970839 ], [ 118.363088398138487, 1.496116922050684 ], [ 118.36599275296166, 1.494665871858694 ], [ 118.366718841442847, 1.491038223327447 ], [ 118.365266664480416, 1.488136123365948 ], [ 118.363814486619688, 1.48523400880957 ], [ 118.363814486619688, 1.482331892237891 ], [ 118.36599275385997, 1.480155309272009 ], [ 118.371075375923411, 1.477978726863666 ], [ 118.377610174949311, 1.477253193232539 ], [ 118.381966709429875, 1.477978726863666 ], [ 118.386323242113818, 1.475802144117994 ], [ 118.389953686316559, 1.4729000286812 ], [ 118.392858042038071, 1.4729000286812 ], [ 118.397214575620282, 1.47507661067443 ], [ 118.401571108304239, 1.475802144117994 ], [ 118.403023286164995, 1.473625561936119 ], [ 118.403023286164995, 1.466370280733919 ], [ 118.400118930443512, 1.459840531697437 ], [ 118.400118931341794, 1.453310784350784 ], [ 118.403023286164995, 1.451859717937432 ], [ 118.406653730367694, 1.4525852508116 ], [ 118.409558086089206, 1.448957602074049 ], [ 118.40810590822845, 1.443878920005609 ], [ 118.404475464025722, 1.439525754657605 ], [ 118.398666753481066, 1.43880022210008 ], [ 118.391405864177287, 1.438800221202044 ], [ 118.384144974873564, 1.434447056038143 ], [ 118.377610174949311, 1.431544940428124 ], [ 118.371075375025114, 1.444604437474163 ], [ 118.378336264328851, 1.450408668553214 ], [ 118.37034928744221, 1.473625561936119 ], [ 118.250453998621794, 1.534320177691981 ], [ 118.229147709102364, 1.548204849583866 ], [ 118.216178683734782, 1.558386918676245 ], [ 118.201356935196046, 1.567643371966847 ], [ 118.188387881980745, 1.575048515381256 ], [ 118.180977021635243, 1.576899809474938 ], [ 118.162449801601241, 1.578751087554298 ], [ 118.145775331687901, 1.581528028071794 ], [ 118.138364472240738, 1.583379306515785 ], [ 118.125395418127113, 1.594487037574281 ], [ 118.111500016800889, 1.605594769751569 ], [ 118.10038371280794, 1.613925560275317 ], [ 118.091771415058759, 1.616291194861738 ], [ 118.076800696201516, 1.627688302780262 ], [ 118.061552830011095, 1.639296749201298 ], [ 118.04768328040214, 1.647329275098729 ], [ 118.034657240760154, 1.652335418052217 ], [ 118.027643228259407, 1.651334183106588 ], [ 118.027561349516205, 1.651197823393547 ], [ 118.003435168369847, 1.667052170847803 ], [ 118.005853071991936, 1.670160904031137 ], [ 117.998234435812805, 1.67503183518859 ], [ 117.996247888817109, 1.678402423527867 ] ] ] ] } },
{ "type": "Feature", "properties": { "objectid": 6374, "country": "IDN", "name": "KUD Sejahtera Permai", "company": "KUD Sejahtera Permai", "group_comp": "No group", "subgroup": null, "groupid": "99", "type": "Ijin Lokasi", "area_ha": "3549", "source": "Varies", "last_updat": "2014", "gfwid": "f07777e5-4be9-4a1a-be20-520c20f3bad0", "cert_stat": null, "globalid": "{BD152E9B-384D-4E09-8A5E-B0AB9382FFA3}", "st_areasha": 35767964.595404997, "st_lengths": 25069.050853000001 }, "geometry": { "type": "MultiPolygon", "coordinates": [ [ [ [ 117.693471271175255, 1.916208888038666 ], [ 117.725203300982656, 1.91092429993923 ], [ 117.735780653534405, 1.91092429993923 ], [ 117.737102819122384, 1.900355126173991 ], [ 117.741069344632464, 1.89374938405129 ], [ 117.749002337262155, 1.889785952362826 ], [ 117.755613193049882, 1.88846479717792 ], [ 117.755613193049882, 1.860720706886467 ], [ 117.689504745665147, 1.862041862366846 ], [ 117.692149076841162, 1.872611036379469 ], [ 117.692149077739472, 1.88846479717792 ], [ 117.692149076841162, 1.90431857494608 ], [ 117.693471271175255, 1.916208888038666 ] ] ] ] } },
{ "type": "Feature", "properties": { "objectid": 6389, "country": "IDN", "name": "PT. Sebatin 1", "company": "PT. Sebatin", "group_comp": "No group", "subgroup": null, "groupid": "99", "type": "HGU", "area_ha": "5738", "source": "Varies", "last_updat": "2014", "gfwid": "17ca5846-da6a-4623-bc32-f7be0ee2a109", "cert_stat": null, "globalid": "{BFEC9F29-D5E1-487D-BD6E-171953449DE7}", "st_areasha": 57807600.449286997, "st_lengths": 41467.590947999997 }, "geometry": { "type": "MultiPolygon", "coordinates": [ [ [ [ 117.862751670912189, 1.605974187645842 ], [ 117.863967346613165, 1.609990318842948 ], [ 117.865165288672088, 1.614066048637663 ], [ 117.866576682120623, 1.618737624846029 ], [ 117.867596548445846, 1.62178840471511 ], [ 117.868533381692714, 1.624529329230343 ], [ 117.86924477822744, 1.626316844607034 ], [ 117.869718951255251, 1.627293982026647 ], [ 117.870287691729587, 1.627842000868601 ], [ 117.871353937174604, 1.628532828127152 ], [ 117.872894254137776, 1.629962415499575 ], [ 117.873474851475578, 1.630534264352019 ], [ 117.873688071998131, 1.630605683825237 ], [ 117.87399630014184, 1.631273002670924 ], [ 117.874588401305161, 1.63105820554393 ], [ 117.87477815064598, 1.631630224695713 ], [ 117.874968157803295, 1.632798183913725 ], [ 117.875087049831137, 1.633846986278129 ], [ 117.875347977183537, 1.634681188006097 ], [ 117.876141372835718, 1.634347113874863 ], [ 117.877704330937306, 1.633345248531986 ], [ 117.878959449865775, 1.632581894555675 ], [ 117.880096222942072, 1.632033129908686 ], [ 117.880925209845785, 1.631842063911154 ], [ 117.88161211201772, 1.631746410580153 ], [ 117.882109295391459, 1.631150252735379 ], [ 117.883151730091583, 1.631555031170432 ], [ 117.884703138553547, 1.631244456801437 ], [ 117.885626885143381, 1.631077185540835 ], [ 117.886195378581007, 1.631053096200956 ], [ 117.886905998971358, 1.631028944004195 ], [ 117.887119020966267, 1.630647448447843 ], [ 117.887947691663058, 1.62974125534556 ], [ 117.888776247375461, 1.628572849867088 ], [ 117.889604980055978, 1.627809681752966 ], [ 117.890054939893574, 1.627571106464744 ], [ 117.890149763360043, 1.627737927244214 ], [ 117.890197222254827, 1.627928605715597 ], [ 117.890315827720087, 1.628309953624775 ], [ 117.890552944327538, 1.628858110475169 ], [ 117.891263792889973, 1.629358382086707 ], [ 117.891666493258782, 1.629382039531902 ], [ 117.89218764098942, 1.629429482828652 ], [ 117.892685154044898, 1.629596123863884 ], [ 117.893206450895832, 1.629977290969112 ], [ 117.893337089294363, 1.630787707569217 ], [ 117.893432576615794, 1.63245628742093 ], [ 117.893362217867789, 1.634053430376435 ], [ 117.893363061385827, 1.635960428288422 ], [ 117.893529550649035, 1.637485953477017 ], [ 117.894287641612223, 1.637676312252033 ], [ 117.894974775549471, 1.638105078954738 ], [ 117.895472047856458, 1.637723455438145 ], [ 117.897200696618938, 1.636483129793779 ], [ 117.898550522232867, 1.635648211353296 ], [ 117.900729094900342, 1.634097795390537 ], [ 117.901747396360349, 1.633501400286268 ], [ 117.90206718941495, 1.633525093600793 ], [ 117.903465172812929, 1.634454119861434 ], [ 117.904199681203295, 1.634882861212395 ], [ 117.904863060989484, 1.635168609409954 ], [ 117.905147248419496, 1.635025455604977 ], [ 117.905620818677733, 1.634620005304579 ], [ 117.907278510414216, 1.633641919614139 ], [ 117.908675690718354, 1.632783137854438 ], [ 117.909516373687097, 1.632282170284446 ], [ 117.910274107120813, 1.631685891375089 ], [ 117.911150277136542, 1.631089559309809 ], [ 117.912192184525594, 1.630326288884837 ], [ 117.912973602940113, 1.629729997722521 ], [ 117.913802385027964, 1.629109848692139 ], [ 117.914488967399606, 1.628322902998334 ], [ 117.915080873628526, 1.627702862187229 ], [ 117.915755740172244, 1.627201969679205 ], [ 117.916087343377939, 1.627154143802044 ], [ 117.916347861098515, 1.627058675226742 ], [ 117.91677400929288, 1.626557896598835 ], [ 117.917200145809161, 1.626033280771697 ], [ 117.917555370215211, 1.625842419836548 ], [ 117.918336764375226, 1.625198454974729 ], [ 117.91869197889983, 1.624983756873363 ], [ 117.918810198987828, 1.624506955802781 ], [ 117.919212670286257, 1.624030025314207 ], [ 117.919567948591236, 1.623958350589059 ], [ 117.920089081050463, 1.623981949730553 ], [ 117.920325911095361, 1.623886491780721 ], [ 117.920372995392668, 1.623242863028446 ], [ 117.921166100889025, 1.622312844747138 ], [ 117.922231578274491, 1.621311190729385 ], [ 117.923652157895134, 1.619856464334894 ], [ 117.925191075283053, 1.618187148522179 ], [ 117.927357507219483, 1.616088474575325 ], [ 117.928209922185857, 1.615372965378709 ], [ 117.929157139957397, 1.614776598869382 ], [ 117.929701848701299, 1.61456181345959 ], [ 117.9305307808078, 1.614299221601397 ], [ 117.93152553383095, 1.614060390598869 ], [ 117.932093993132625, 1.613988617643714 ], [ 117.932520308413629, 1.613869234005247 ], [ 117.932828241011578, 1.613869092127738 ], [ 117.932661986208657, 1.612891843171288 ], [ 117.931998398013349, 1.612129357883771 ], [ 117.932092951985197, 1.611700243544047 ], [ 117.932377045990435, 1.611366391902041 ], [ 117.933182214064431, 1.610936951441993 ], [ 117.933371807996721, 1.611151398703443 ], [ 117.933809791494937, 1.610650614350257 ], [ 117.93383303450463, 1.609673278542884 ], [ 117.935040631656221, 1.608695396306598 ], [ 117.936129781446056, 1.607693731086906 ], [ 117.935513342226756, 1.606430643446232 ], [ 117.935062887417402, 1.605548873985034 ], [ 117.934339728342309, 1.603999787322216 ], [ 117.934055073788358, 1.603094104938035 ], [ 117.933320495329369, 1.602474674226501 ], [ 117.932088456815521, 1.601783958435858 ], [ 117.930856397640412, 1.601045567677053 ], [ 117.929671746156131, 1.600378665433471 ], [ 117.928889954940786, 1.600116811674377 ], [ 117.928001433988157, 1.599545123079677 ], [ 117.927598359021886, 1.598663327306743 ], [ 117.927219024731897, 1.597900707405213 ], [ 117.926389082020719, 1.595898753275297 ], [ 117.925962246615128, 1.594850107335064 ], [ 117.926541981570267, 1.593514957045218 ], [ 117.926944340579283, 1.592799657260863 ], [ 117.927606712455713, 1.590868538948057 ], [ 117.928364331803408, 1.590057729326161 ], [ 117.92888525226023, 1.589628422690903 ], [ 117.930234979059463, 1.588674321720461 ], [ 117.9315729037925, 1.587815573987962 ], [ 117.9322596954716, 1.587529215710756 ], [ 117.933112326033623, 1.587314294546327 ], [ 117.933704464926208, 1.58724251347114 ], [ 117.934320313054059, 1.587218396674411 ], [ 117.934580825384785, 1.58712292892599 ], [ 117.935007102936552, 1.586932037416512 ], [ 117.935291312824475, 1.586860396411528 ], [ 117.935765070830584, 1.586907855962274 ], [ 117.936286138611123, 1.586812269667367 ], [ 117.936783498054709, 1.586669019973552 ], [ 117.937967720144286, 1.586406270092477 ], [ 117.93865457380717, 1.586262934165301 ], [ 117.939175639791074, 1.586167346942639 ], [ 117.939649397797211, 1.586214805611328 ], [ 117.94037192086509, 1.586381335234426 ], [ 117.940324170017846, 1.585547056268964 ], [ 117.940513448641468, 1.585070225349156 ], [ 117.941294650562, 1.58404487089334 ], [ 117.942312739121235, 1.583067080631609 ], [ 117.942999352933953, 1.582399326682696 ], [ 117.94385184964699, 1.581898355730591 ], [ 117.944775395014176, 1.581373516531329 ], [ 117.945746388496374, 1.581015513462523 ], [ 117.947190930677223, 1.580252062703129 ], [ 117.948481951674282, 1.580466004012971 ], [ 117.949429721909752, 1.581133007878443 ], [ 117.951135466327401, 1.581799661320094 ], [ 117.952841209846795, 1.582466311853675 ], [ 117.95476015682074, 1.583180536749601 ], [ 117.957141136091437, 1.584204426143029 ], [ 117.959202203729831, 1.584918578602192 ], [ 117.960434162293623, 1.585466255907965 ], [ 117.962187336860012, 1.586252058838091 ], [ 117.96275547456483, 1.585512845356428 ], [ 117.964104939954325, 1.584058155490951 ], [ 117.965229358500494, 1.582555897197993 ], [ 117.965773764512136, 1.581721347300276 ], [ 117.966886227380186, 1.57998072468567 ], [ 117.967548888514116, 1.578764728681605 ], [ 117.968625743062688, 1.576857265210939 ], [ 117.969525102189152, 1.575283604556008 ], [ 117.970211723188342, 1.574663520757759 ], [ 117.971229666220523, 1.573423521427503 ], [ 117.972105546080442, 1.57230277361565 ], [ 117.973490582958547, 1.570967255901194 ], [ 117.97528970994496, 1.568725739080593 ], [ 117.976047331089262, 1.56798643945306 ], [ 117.976970612351806, 1.566937181354634 ], [ 117.977680781787825, 1.566031044545141 ], [ 117.978308093317054, 1.565220294384682 ], [ 117.979089364407855, 1.564409472970245 ], [ 117.979704864887708, 1.563670240066473 ], [ 117.980391290952497, 1.562644929864983 ], [ 117.982214025664604, 1.56026038521488 ], [ 117.982995227585121, 1.559306542890974 ], [ 117.983397594678948, 1.558662757491749 ], [ 117.982497585172226, 1.55880620127647 ], [ 117.981384346159729, 1.558830560856961 ], [ 117.980223787491354, 1.558974125857901 ], [ 117.979039488146654, 1.558998517763857 ], [ 117.977902582119711, 1.559070560225819 ], [ 117.974882641967227, 1.559191153915539 ], [ 117.973106150729322, 1.559144307056465 ], [ 117.971708726981774, 1.559287978895939 ], [ 117.970240133307556, 1.559193311767913 ], [ 117.968984694578836, 1.559050871954322 ], [ 117.967895233971916, 1.559289746125794 ], [ 117.966059534773677, 1.559266757770069 ], [ 117.965017336330504, 1.559267238190793 ], [ 117.964164585394215, 1.559172283707348 ], [ 117.9629565822041, 1.559172839558641 ], [ 117.962293365012997, 1.559173144872769 ], [ 117.961109058481767, 1.559197526898612 ], [ 117.959036502289166, 1.559198477862274 ], [ 117.958231177908317, 1.559222683883218 ], [ 117.957568023599279, 1.559366009096034 ], [ 117.956833669719103, 1.559199486296791 ], [ 117.955649405408721, 1.559319212527905 ], [ 117.954488772180156, 1.559319742337668 ], [ 117.954038730595855, 1.55931994797568 ], [ 117.952972875019654, 1.559391944629525 ], [ 117.952238574140125, 1.559344605680464 ], [ 117.950402876738494, 1.559345439906319 ], [ 117.949787030407279, 1.559345720076916 ], [ 117.948958015655748, 1.55936993328001 ], [ 117.948223724657637, 1.55934642858519 ], [ 117.947607835207293, 1.559251359163534 ], [ 117.946660419806364, 1.559347136195492 ], [ 117.945618184532293, 1.559276096789627 ], [ 117.94445748393008, 1.55913359861273 ], [ 117.943510036189807, 1.559157863003315 ], [ 117.942053349684656, 1.559230031177388 ], [ 117.941295414129968, 1.559301883259095 ], [ 117.940679469882355, 1.559087626387594 ], [ 117.940016290420502, 1.559183272321515 ], [ 117.939518863603311, 1.559159658968692 ], [ 117.938926679794932, 1.559112250869741 ], [ 117.937955575819984, 1.559208035091877 ], [ 117.937055456718767, 1.559136926536644 ], [ 117.935705314897888, 1.559113693029999 ], [ 117.934852642115018, 1.559209423373106 ], [ 117.93378675869107, 1.559233737151853 ], [ 117.932993217511822, 1.559138741359708 ], [ 117.932258945378365, 1.559162906074127 ], [ 117.931335179923906, 1.559187154300663 ], [ 117.93062456222853, 1.559139796489373 ], [ 117.929890320637782, 1.559235472054359 ], [ 117.929084977392293, 1.559235829451443 ], [ 117.927948001296798, 1.559188660217594 ], [ 117.927166334048934, 1.559165169888474 ], [ 117.926124166148469, 1.559260980149709 ], [ 117.9247148451133, 1.559333115094899 ], [ 117.923909490189715, 1.559309633747194 ], [ 117.923246212811478, 1.559190740843493 ], [ 117.922346163778855, 1.559286486448784 ], [ 117.921114490879347, 1.559358540574667 ], [ 117.920309113497851, 1.559287383533443 ], [ 117.918911613393519, 1.559311834702611 ], [ 117.917372064489925, 1.55950321005813 ], [ 117.915394176355221, 1.559384889180254 ], [ 117.913475535706766, 1.559338053101315 ], [ 117.912362313762301, 1.559457725445575 ], [ 117.911675409793759, 1.559481863216879 ], [ 117.911059566157491, 1.559505967762544 ], [ 117.910348944868844, 1.559458602774549 ], [ 117.909259428566372, 1.559625938227447 ], [ 117.908217121427057, 1.559411854699548 ], [ 117.906026151110325, 1.559531991296589 ], [ 117.904154910067874, 1.55955663912112 ], [ 117.901407278024095, 1.55962933709119 ], [ 117.899962364839027, 1.559582284603888 ], [ 117.898103013897668, 1.559726109070485 ], [ 117.896136980829766, 1.559655438748195 ], [ 117.895094781488268, 1.559703560730964 ], [ 117.893934188683943, 1.559847081671197 ], [ 117.893034069582711, 1.559799791223444 ], [ 117.891944476025145, 1.559800256378345 ], [ 117.891565487586533, 1.559800418015177 ], [ 117.890452266540379, 1.559943916499231 ], [ 117.890547675708405, 1.561517153168921 ], [ 117.890371309468662, 1.564568429871876 ], [ 117.890301133977005, 1.566666161285777 ], [ 117.889959164212939, 1.570194260443048 ], [ 117.889959557675027, 1.57112392336004 ], [ 117.889794637768631, 1.573221695792994 ], [ 117.889676939601813, 1.574961884952143 ], [ 117.889665480692059, 1.575867716168293 ], [ 117.889831704053904, 1.576844981809488 ], [ 117.889832100210967, 1.577774645353188 ], [ 117.889643048861117, 1.578823577425154 ], [ 117.889691102440565, 1.580420669818122 ], [ 117.889667933092767, 1.581636393664794 ], [ 117.889680253486901, 1.582756751218388 ], [ 117.889775287159125, 1.583424161128827 ], [ 117.889656973646311, 1.583710262255935 ], [ 117.889373073677206, 1.58452086064965 ], [ 117.889183983699752, 1.585474442712991 ], [ 117.88882879881956, 1.585760646823623 ], [ 117.888533920539331, 1.588597440222815 ], [ 117.888180009470233, 1.591863333943372 ], [ 117.887742540706682, 1.593603661902118 ], [ 117.886818779743805, 1.593699412210597 ], [ 117.886345157383303, 1.593985669059024 ], [ 117.885255573707184, 1.594057652840287 ], [ 117.884403005128917, 1.59446325939598 ], [ 117.881134781411674, 1.595918760874332 ], [ 117.879204630649525, 1.596777744987779 ], [ 117.877570467586935, 1.597398225346147 ], [ 117.876788977307214, 1.597851475522737 ], [ 117.875273410726734, 1.598853305396348 ], [ 117.873994666106299, 1.599735844602782 ], [ 117.871342471976632, 1.601620152686391 ], [ 117.869092779688131, 1.60307520998602 ], [ 117.862751670912189, 1.605974187645842 ] ] ] ] } },
{ "type": "Feature", "properties": { "objectid": 6408, "country": "IDN", "name": "PT. Jabontara Eka Karsa 1", "company": "PT. Jabontara Eka Karsa", "group_comp": "No group", "subgroup": null, "groupid": "99", "type": "HGU", "area_ha": "14021", "source": "Varies", "last_updat": "2014", "gfwid": "824b5b67-0538-4f6b-927c-6e4e2b831446", "cert_stat": null, "globalid": "{31C93896-2616-4F99-95B2-05B4A1D35B68}", "st_areasha": 141386525.66154, "st_lengths": 66649.862531000006 }, "geometry": { "type": "MultiPolygon", "coordinates": [ [ [ [ 117.818070058873232, 2.398103744267603 ], [ 117.818802384357454, 2.397380625066613 ], [ 117.820922701278775, 2.396700581513734 ], [ 117.829837238103636, 2.393204421517069 ], [ 117.866990244019533, 2.381351525493792 ], [ 117.899902277428012, 2.371439902796141 ], [ 117.913154404162384, 2.36861914367455 ], [ 117.944042409268192, 2.360453336761624 ], [ 117.976953696176651, 2.351897706348602 ], [ 118.006346680070905, 2.344119725713647 ], [ 118.007209081608238, 2.337138229093026 ], [ 118.008458728898319, 2.332483402107138 ], [ 118.009565276360249, 2.329864766755112 ], [ 118.012069498199693, 2.327342057482057 ], [ 118.014669958352144, 2.3246253658617 ], [ 118.014281798114496, 2.321038274140052 ], [ 118.01283297546135, 2.316870221350269 ], [ 118.011385007106014, 2.313865639558784 ], [ 118.008779581066648, 2.30969842107077 ], [ 118.004632143841533, 2.305726222777695 ], [ 118.002268204713502, 2.302237497740663 ], [ 118.00207439588587, 2.300783288694892 ], [ 118.003805454828239, 2.295352471604177 ], [ 118.003802140943179, 2.290698559426589 ], [ 118.004956409607928, 2.287401206313067 ], [ 118.004954618367236, 2.284880338083135 ], [ 118.006013052062571, 2.282358707851218 ], [ 118.00446774944956, 2.277899816669828 ], [ 118.003935856071536, 2.275379326732806 ], [ 118.004319678344672, 2.272955137708467 ], [ 118.003545740201517, 2.268883514225628 ], [ 118.00441107024669, 2.265877242967234 ], [ 118.002288536283302, 2.262873098200222 ], [ 118.002092781704803, 2.258607144527038 ], [ 118.00026103958534, 2.257929744825963 ], [ 117.999199817519397, 2.256476142689399 ], [ 118.000162423431789, 2.254730242705164 ], [ 118.003052737587083, 2.253079936348974 ], [ 118.004497044409334, 2.251042825767626 ], [ 118.004046493480217, 2.245269681680647 ], [ 117.99501249240069, 2.247851445479176 ], [ 117.98831363495276, 2.251795002352006 ], [ 117.961819571972583, 2.268477856809926 ], [ 117.937365483289611, 2.296521447961388 ], [ 117.900720172832933, 2.338359511696817 ], [ 117.882202914217132, 2.350643135209417 ], [ 117.852674250579014, 2.337026956681031 ], [ 117.819087268880182, 2.336593101808495 ], [ 117.818186203852946, 2.340987219066534 ], [ 117.819099325169574, 2.356742931833693 ], [ 117.818070058873232, 2.398103744267603 ] ] ] ] } },
{ "type": "Feature", "properties": { "objectid": 6409, "country": "IDN", "name": "PT. Jabontara Eka Karsa 2", "company": "PT. Jabontara Eka Karsa", "group_comp": "No group", "subgroup": null, "groupid": "99", "type": "HGU", "area_ha": "40162", "source": "Varies", "last_updat": "2014", "gfwid": "8f553a5c-533f-4879-b6ed-b85d5ce306ac", "cert_stat": null, "globalid": "{5C475DD0-2FBE-4D51-971F-B4B6A667168B}", "st_areasha": 404512398.36606097, "st_lengths": 133408.48254200001 }, "geometry": { "type": "MultiPolygon", "coordinates": [ [ [ [ 118.181365278890937, 1.336011765107207 ], [ 118.376621282535126, 1.265645982829287 ], [ 118.445100173748841, 1.238832926745786 ], [ 118.437115650161232, 1.226706070452648 ], [ 118.432963703393355, 1.219046995104221 ], [ 118.425617924193574, 1.207558381689171 ], [ 118.413800824684515, 1.195431509597416 ], [ 118.400706182500926, 1.18330463693479 ], [ 118.38920848438103, 1.173411671689707 ], [ 118.377710757515061, 1.164476078841644 ], [ 118.369969365654043, 1.159138535333222 ], [ 118.361683644138182, 1.156898873913023 ], [ 118.345679055118765, 1.163295759158027 ], [ 118.331808421243267, 1.17289109483555 ], [ 118.317937789164375, 1.186751014792969 ], [ 118.309401991046457, 1.199544799840133 ], [ 118.296598337437899, 1.220867755735484 ], [ 118.290196496260577, 1.240058426186274 ], [ 118.280593747520143, 1.258182946891125 ], [ 118.269924022106053, 1.270976717598059 ], [ 118.261388223988135, 1.275241318328381 ], [ 118.25071849767572, 1.272042867543685 ], [ 118.24111575073195, 1.265645981931187 ], [ 118.230446024419535, 1.258182946891125 ], [ 118.219776298107135, 1.250719912055356 ], [ 118.213374457828124, 1.24858761132959 ], [ 118.200570802422916, 1.250719912055356 ], [ 118.185633191873791, 1.260315247880152 ], [ 118.174963465561376, 1.26671213317579 ], [ 118.166667232858387, 1.268744952361814 ], [ 118.146055621327903, 1.278106629686459 ], [ 118.125444008899123, 1.288404464415201 ], [ 118.104832425216429, 1.296829967022679 ], [ 118.089842164408509, 1.299638473642404 ], [ 118.074851904498843, 1.300574631044949 ], [ 118.031754886485089, 1.295893809131689 ], [ 117.925886206921277, 1.322106492628559 ], [ 117.990531691271954, 1.369851019880082 ], [ 118.027070446264574, 1.360021263957107 ], [ 118.041123824418293, 1.358148931019953 ], [ 118.101084839802354, 1.350659586581306 ], [ 118.179783700510157, 1.343170241512528 ], [ 118.181365278890937, 1.336011765107207 ] ] ] ] } },
{ "type": "Feature", "properties": { "objectid": 6429, "country": "IDN", "name": "PT. Agro Sawit Sejahtera 2", "company": "PT. Agro Sawit Sejahtera", "group_comp": "No group", "subgroup": null, "groupid": "99", "type": "Ijin Lokasi", "area_ha": "5227", "source": "Varies", "last_updat": "2014", "gfwid": "66339a99-60cf-44a0-aa98-a997e8b77e60", "cert_stat": null, "globalid": "{9C2B35A5-DAC0-4117-90B7-C58DC4DE1FF2}", "st_areasha": 52727070.760522, "st_lengths": 42291.137204999992 }, "geometry": { "type": "MultiPolygon", "coordinates": [ [ [ [ 117.453426480190501, 2.505298261386818 ], [ 117.456969860574176, 2.517690505884038 ], [ 117.464056621341584, 2.511494383522658 ], [ 117.47202922787865, 2.507068583196945 ], [ 117.481773524158399, 2.507068583196945 ], [ 117.488860285824103, 2.509724063215903 ], [ 117.494175355950489, 2.513264704122558 ], [ 117.495061200821823, 2.517690504986574 ], [ 117.493289511079126, 2.52300146753793 ], [ 117.491517820438105, 2.53008276535148 ], [ 117.494175355950489, 2.53362340739129 ], [ 117.494175355950489, 2.53893436934516 ], [ 117.494175355950489, 2.54690081126776 ], [ 117.493289511079126, 2.552211773306309 ], [ 117.49417535505215, 2.558407895468267 ], [ 117.495947045693171, 2.558407894570868 ], [ 117.505691341972906, 2.557522734939565 ], [ 117.516321484022299, 2.556637574697444 ], [ 117.527837470044773, 2.556637574697444 ], [ 117.536695920554862, 2.560178215589876 ], [ 117.545554372861588, 2.567259498524028 ], [ 117.555298669141294, 2.575225940458103 ], [ 117.559727894396332, 2.580536918651262 ], [ 117.577444797213133, 2.578766598041247 ], [ 117.558842049524998, 2.551326612993452 ], [ 117.529762946872523, 2.517515456816509 ], [ 117.51188849752117, 2.486700271701253 ], [ 117.507463032613927, 2.47697311656032 ], [ 117.501262115819543, 2.476973115662831 ], [ 117.493289511079126, 2.482284094022447 ], [ 117.477344298903361, 2.492020856900483 ], [ 117.461399085829257, 2.501757620460455 ], [ 117.453426480190501, 2.505298261386818 ] ] ] ] } },
{ "type": "Feature", "properties": { "objectid": 6432, "country": "IDN", "name": "PT. Agrotimur Karyagraha 1", "company": "PT. Agrotimur Karyagraha", "group_comp": "No group", "subgroup": null, "groupid": "99", "type": "Ijin Lokasi", "area_ha": "7120", "source": "Varies", "last_updat": "2014", "gfwid": "e18410c1-dfe9-4885-a2ac-23fd3ec68ee3", "cert_stat": null, "globalid": "{884F3783-667A-494D-8C28-FE53938D55AA}", "st_areasha": 71812203.052747995, "st_lengths": 36785.252535 }, "geometry": { "type": "MultiPolygon", "coordinates": [ [ [ [ 116.929522811709788, 2.424112048963191 ], [ 116.939525853334075, 2.439937958717034 ], [ 116.953696846111342, 2.457429777621955 ], [ 116.963699886837318, 2.473255703086708 ], [ 116.968701421573343, 2.487415737669628 ], [ 116.973702957207706, 2.501575771903361 ], [ 116.979538048577353, 2.510738146827 ], [ 116.987040336757516, 2.519067574719879 ], [ 116.995376210317346, 2.524065234973249 ], [ 117.007046448752163, 2.524898180071365 ], [ 117.012047984386513, 2.519067574719879 ], [ 117.015382322312021, 2.504907540109861 ], [ 117.015382321413682, 2.493246343996411 ], [ 117.016215905895095, 2.481585131594133 ], [ 117.017049490376479, 2.464926259970626 ], [ 117.016215905895095, 2.437439137167083 ], [ 117.015382321413682, 2.416615550802647 ], [ 116.929522811709788, 2.424112048963191 ] ] ] ] } },
{ "type": "Feature", "properties": { "objectid": 6433, "country": "IDN", "name": "PT. Agrotimur Karyagraha 2", "company": "PT. Agrotimur Karyagraha", "group_comp": "No group", "subgroup": null, "groupid": "99", "type": "Ijin Lokasi", "area_ha": "5187", "source": "Varies", "last_updat": "2014", "gfwid": "4130bb1c-d5b1-47ab-bcb8-1b4a9c754899", "cert_stat": null, "globalid": "{5D5762E3-E97B-4020-97C9-E8D6D0E592D2}", "st_areasha": 52302183.224079996, "st_lengths": 37701.258325000003 }, "geometry": { "type": "MultiPolygon", "coordinates": [ [ [ [ 117.001892401640447, 2.248539899615324 ], [ 116.997062402004559, 2.249021900078244 ], [ 116.994170401711486, 2.243702900447391 ], [ 116.987410131837464, 2.238158032397188 ], [ 116.989585111243798, 2.248556796482165 ], [ 116.997017708124247, 2.279338820183721 ], [ 117.000783877884913, 2.291869154363294 ], [ 117.000903046593862, 2.295153275619608 ], [ 117.00385100653925, 2.311278326819752 ], [ 117.011459511518623, 2.323632582707063 ], [ 117.020970109280569, 2.340738447076232 ], [ 117.033316691089453, 2.356829394245438 ], [ 117.038089211123534, 2.363546271542916 ], [ 117.054666325219657, 2.362761679753866 ], [ 117.04474665623691, 2.346440407610017 ], [ 117.045697716102936, 2.339788128386012 ], [ 117.049501954668727, 2.333135832862198 ], [ 117.04855089570097, 2.319831274954018 ], [ 117.05140407440075, 2.3122286620248 ], [ 117.049501955567024, 2.305576383021207 ], [ 117.043795596370884, 2.297023434377647 ], [ 117.039040270989588, 2.289420836982653 ], [ 117.037138151257537, 2.283718876823589 ], [ 117.037138151257537, 2.277066581869273 ], [ 117.041893449689368, 2.274215609299203 ], [ 117.041893449689368, 2.267563330638512 ], [ 117.037138151257537, 2.260911035756407 ], [ 117.037138152155848, 2.25520907611393 ], [ 117.039040270989588, 2.251407784495087 ], [ 117.039799325845095, 2.249756518406841 ], [ 117.022757320114721, 2.251841020718402 ], [ 117.010578429514922, 2.251931568292645 ], [ 117.001892401640447, 2.248539899615324 ] ] ] ] } },
{ "type": "Feature", "properties": { "objectid": 6434, "country": "IDN", "name": "PT. Long Bawan Sumber Rejeki 1", "company": "PT. Long Bawan Sumber Rejeki", "group_comp": "No group", "subgroup": null, "groupid": "99", "type": "Ijin Lokasi", "area_ha": "2853", "source": "Varies", "last_updat": "2014", "gfwid": "ce76ecd3-e2b6-41be-8ec3-09e8ad70edd7", "cert_stat": null, "globalid": "{5CAF5537-CD65-43EF-9A3D-4C1F01D24F88}", "st_areasha": 28768685.760492999, "st_lengths": 33292.428230999998 }, "geometry": { "type": "MultiPolygon", "coordinates": [ [ [ [ 116.803694419034045, 2.267372556688735 ], [ 116.796961930458508, 2.275060898817215 ], [ 116.785549186913357, 2.286464820332859 ], [ 116.799815110056599, 2.30262036568168 ], [ 116.827395869527564, 2.295017752285977 ], [ 116.87414125942216, 2.31512476013817 ], [ 116.898868867142824, 2.313224105538052 ], [ 116.902386402097477, 2.292633899369965 ], [ 116.901505987542023, 2.294089063676978 ], [ 116.898759402035552, 2.297709899335966 ], [ 116.897079587488534, 2.299658929731214 ], [ 116.895859401346556, 2.300852899576083 ], [ 116.894084160563551, 2.301900871759788 ], [ 116.892477402405333, 2.302060899552896 ], [ 116.890908402235169, 2.301697899628074 ], [ 116.889339401166652, 2.301334899610812 ], [ 116.886683902135047, 2.300971900398702 ], [ 116.884028402205132, 2.300608900196586 ], [ 116.881292942333445, 2.299864000722463 ], [ 116.87895940219461, 2.298672899652995 ], [ 116.876801549169173, 2.296553778391529 ], [ 116.875342402178447, 2.293353900614603 ], [ 116.87486140195449, 2.291419400000218 ], [ 116.874380401730562, 2.289484900362697 ], [ 116.873379459315132, 2.28587158015505 ], [ 116.87317740125826, 2.285374900035744 ], [ 116.872361548622308, 2.284830053572207 ], [ 116.870280401840631, 2.284164899579219 ], [ 116.868591402019874, 2.28307640023605 ], [ 116.866902402199074, 2.281987900068393 ], [ 116.865322363530666, 2.281335011406649 ], [ 116.862798402111167, 2.280536900035977 ], [ 116.859571277216503, 2.279745951104797 ], [ 116.858212401974441, 2.279568900443943 ], [ 116.857530748658746, 2.279551362151535 ], [ 116.855314401833567, 2.279567900512639 ], [ 116.850133936167666, 2.279785574947801 ], [ 116.848311401779895, 2.280049899630884 ], [ 116.845775402037276, 2.28101689986666 ], [ 116.843239401396346, 2.281983900349946 ], [ 116.840495033830322, 2.282804814506052 ], [ 116.838167401911107, 2.283432899962469 ], [ 116.836224897517127, 2.283832304963985 ], [ 116.833579402124542, 2.28415790008252 ], [ 116.831647755667404, 2.284095000653878 ], [ 116.830440401959251, 2.283672899863193 ], [ 116.829616493231782, 2.283019864759958 ], [ 116.827063402142585, 2.280045899907005 ], [ 116.825581519690331, 2.277634497045069 ], [ 116.82465240207344, 2.27641889978525 ], [ 116.823446220666725, 2.275851868273049 ], [ 116.821997401606794, 2.275934900481913 ], [ 116.820593719296681, 2.276363936654048 ], [ 116.818857401616626, 2.276900899957404 ], [ 116.816924901759961, 2.277505399811288 ], [ 116.814992401903339, 2.278109900309132 ], [ 116.814166272540504, 2.278266587180252 ], [ 116.811853401738034, 2.278350900132521 ], [ 116.809944853661804, 2.278157840510072 ], [ 116.80823240242222, 2.277624899845932 ], [ 116.806888112227085, 2.276817761886679 ], [ 116.805819401804939, 2.275689899620935 ], [ 116.80507962569375, 2.27446187424211 ], [ 116.804614401682826, 2.273271899230166 ], [ 116.804100189844505, 2.270912924301942 ], [ 116.803694419034045, 2.267372556688735 ] ] ] ] } },
{ "type": "Feature", "properties": { "objectid": 6435, "country": "IDN", "name": "PT. Long Bawan Sumber Rejeki 2", "company": "PT. Long Bawan Sumber Rejeki", "group_comp": "No group", "subgroup": null, "groupid": "99", "type": "Ijin Lokasi", "area_ha": "14220", "source": "Varies", "last_updat": "2014", "gfwid": "40ba5626-0624-4ffe-b4be-4db3a03b80ac", "cert_stat": null, "globalid": "{8968B636-4157-4D7B-B158-C048D8169C5C}", "st_areasha": 143369601.222058, "st_lengths": 68101.947708000007 }, "geometry": { "type": "MultiPolygon", "coordinates": [ [ [ [ 116.986009908939465, 2.231455820615986 ], [ 116.986018415086889, 2.231445004125258 ], [ 116.995725824744454, 2.219099672271529 ], [ 117.010942807753693, 2.201043472706828 ], [ 117.007138541340154, 2.195341512845998 ], [ 117.002383242908337, 2.185838245076671 ], [ 116.991921587077002, 2.169682699331299 ], [ 116.989068379631107, 2.165881392449065 ], [ 116.985264140167047, 2.163980756076629 ], [ 116.981459902499537, 2.167782045288148 ], [ 116.980508842633512, 2.170633033985119 ], [ 116.979557782767486, 2.173484006533065 ], [ 116.97575354420168, 2.17918596599055 ], [ 116.971949277788141, 2.182036938523255 ], [ 116.964340800656558, 2.182036938523255 ], [ 116.96148762016017, 2.185838245076671 ], [ 116.957683382492661, 2.190589886498072 ], [ 116.953879116079122, 2.194391193810725 ], [ 116.949123816749008, 2.194391193810725 ], [ 116.945319578183202, 2.191540206152358 ], [ 116.939613220783642, 2.185838245076671 ], [ 116.935808953471792, 2.184887926296987 ], [ 116.935666546244761, 2.185243668892949 ], [ 116.931239068212918, 2.176660804456312 ], [ 116.926011697014488, 2.178035721962155 ], [ 116.922036244047106, 2.181283451809104 ], [ 116.922439214808833, 2.18743555143975 ], [ 116.917273600091207, 2.194338260799982 ], [ 116.906760072840413, 2.195369008047515 ], [ 116.896866928413019, 2.190356218712369 ], [ 116.892378589520717, 2.192129141649743 ], [ 116.89176364509801, 2.204089446070874 ], [ 116.889440763470049, 2.212466944091585 ], [ 116.887171764589453, 2.217831735905216 ], [ 116.878597453000353, 2.226896296485702 ], [ 116.878786474705791, 2.248718048270268 ], [ 116.846903311436634, 2.250560625802823 ], [ 116.825582723432802, 2.241737246806411 ], [ 116.811827518579747, 2.24777147345862 ], [ 116.811535401720718, 2.249428899488499 ], [ 116.811050901660451, 2.250758399823923 ], [ 116.810566401600155, 2.252087899844498 ], [ 116.810201902088778, 2.254868399850263 ], [ 116.80983740167909, 2.257648899928659 ], [ 116.808156042029808, 2.262118589957503 ], [ 116.807173401889983, 2.265384900408215 ], [ 116.807129838090262, 2.266856809397679 ], [ 116.807170402415238, 2.269252899972621 ], [ 116.807263519082625, 2.270749962339027 ], [ 116.807409401891505, 2.271912899851463 ], [ 116.808183449629112, 2.273221277710641 ], [ 116.809580401761153, 2.273605899246219 ], [ 116.810908902268537, 2.273122399864452 ], [ 116.812237401877582, 2.272638900320705 ], [ 116.813203401625103, 2.27251839993673 ], [ 116.814169401372624, 2.272397899542692 ], [ 116.817550402285576, 2.271552399322091 ], [ 116.820931401401907, 2.270706900401778 ], [ 116.822748345573643, 2.270554242978514 ], [ 116.824553401440909, 2.270707899441598 ], [ 116.825942130394878, 2.271213711513719 ], [ 116.827449401931986, 2.272400900249117 ], [ 116.828120164073141, 2.273631130112324 ], [ 116.828895402078516, 2.275301900048063 ], [ 116.831837793367455, 2.277870026042698 ], [ 116.834204402288535, 2.278204900158673 ], [ 116.836982401880476, 2.277358899785353 ], [ 116.839760402370729, 2.27651289981286 ], [ 116.842050257437322, 2.2759775879612 ], [ 116.842899402536034, 2.275788899365648 ], [ 116.845193401530992, 2.275547400044403 ], [ 116.847487401424289, 2.275305899785085 ], [ 116.848815901931673, 2.27470189987375 ], [ 116.850144402439057, 2.274097899709523 ], [ 116.852905688875111, 2.273714222588755 ], [ 116.855457401948712, 2.274098899644618 ], [ 116.857112123854876, 2.274630225021316 ], [ 116.859077401439606, 2.275307900551187 ], [ 116.862215401779991, 2.276517399513231 ], [ 116.865353401222038, 2.277726900153094 ], [ 116.867520901255332, 2.277997899807663 ], [ 116.869688402186966, 2.278268899411254 ], [ 116.872320361764835, 2.278598451534431 ], [ 116.873551401352103, 2.278752899725753 ], [ 116.874465240422637, 2.279078525615176 ], [ 116.875481402095616, 2.279961899420264 ], [ 116.876240244050422, 2.281166163241196 ], [ 116.876686402217729, 2.282621900184649 ], [ 116.876916178691019, 2.284137052389227 ], [ 116.877166402616766, 2.286248899922549 ], [ 116.877285402442439, 2.288061899533904 ], [ 116.877404402268155, 2.28987490044346 ], [ 116.877849995395138, 2.291256546277011 ], [ 116.879091401540776, 2.293018899881102 ], [ 116.879935902349516, 2.293744399602211 ], [ 116.880780402259873, 2.29446989985296 ], [ 116.881366894342605, 2.296004327034528 ], [ 116.881985402382014, 2.296645900231716 ], [ 116.884641401775241, 2.296646400191414 ], [ 116.887297402066764, 2.296646900151112 ], [ 116.888987401712441, 2.296647400110797 ], [ 116.890677402256486, 2.296647899172892 ], [ 116.892315497245065, 2.296364321468072 ], [ 116.894059402096005, 2.295439900000352 ], [ 116.89556787378234, 2.29400561244324 ], [ 116.897201402634337, 2.29157189992478 ], [ 116.897649789521878, 2.290714964814872 ], [ 116.898169401133373, 2.28963790045536 ], [ 116.898775401929086, 2.286978399185879 ], [ 116.899381401826474, 2.284318899269635 ], [ 116.901127034137744, 2.282028072285015 ], [ 116.903248402087911, 2.281176899475397 ], [ 116.905004739622413, 2.281105888274081 ], [ 116.905904401481152, 2.281176899475397 ], [ 116.907715580265403, 2.281472271100524 ], [ 116.910249401593447, 2.281903899695058 ], [ 116.912242408374382, 2.282263932676595 ], [ 116.914112402555233, 2.282629900515624 ], [ 116.915559901989994, 2.283717900232824 ], [ 116.917007402323065, 2.28480590002371 ], [ 116.919883039803267, 2.285169134918091 ], [ 116.926183401896182, 2.284565899414703 ], [ 116.930671598854687, 2.283802475862868 ], [ 116.931737401430269, 2.283599900597014 ], [ 116.934033686637633, 2.283098191324635 ], [ 116.938017402309001, 2.282150899357636 ], [ 116.941646258290277, 2.281103374086863 ], [ 116.943813401692424, 2.280217899691559 ], [ 116.945176707425475, 2.2793493679346 ], [ 116.94888840155069, 2.276108899727181 ], [ 116.952718639157439, 2.27221267165925 ], [ 116.953722401384539, 2.270790900530019 ], [ 116.954932401529547, 2.267889899749478 ], [ 116.956142401674526, 2.264988900332809 ], [ 116.957593902205559, 2.262087899594658 ], [ 116.959045401838267, 2.259186900235316 ], [ 116.95987761099893, 2.25682089107165 ], [ 116.960499401482394, 2.25386790000461 ], [ 116.960767033860066, 2.25122204228696 ], [ 116.960990401752085, 2.244680900191114 ], [ 116.960872402649642, 2.241779399406906 ], [ 116.960754401750549, 2.238877900051824 ], [ 116.961225636389031, 2.237119488498145 ], [ 116.962690401443524, 2.235009899731184 ], [ 116.964250047456659, 2.233684038452754 ], [ 116.965589401409289, 2.233076900199479 ], [ 116.968088901703638, 2.232891399820883 ], [ 116.970588401997929, 2.232705899418878 ], [ 116.972278902005257, 2.23222289990512 ], [ 116.973969402012543, 2.231739900232652 ], [ 116.975351738554906, 2.231651332487378 ], [ 116.981213402090646, 2.231499899834617 ], [ 116.986009908939465, 2.231455820615986 ] ] ] ] } },
{ "type": "Feature", "properties": { "objectid": 6436, "country": "IDN", "name": "PT. Batu Sempit Sawit Indonesia 1", "company": "PT. Batu Sempit Sawit Indonesia", "group_comp": "No group", "subgroup": null, "groupid": "99", "type": "Ijin Lokasi", "area_ha": "4005", "source": "Varies", "last_updat": "2014", "gfwid": "d2c90a0a-ff36-42e2-a536-c7655161ed1c", "cert_stat": null, "globalid": "{AD1D307D-66B0-42BB-90B7-B4DAFCF1247E}", "st_areasha": 40336765.643925004, "st_lengths": 32771.14281 }, "geometry": { "type": "MultiPolygon", "coordinates": [ [ [ [ 118.478773399104853, 1.356788457814143 ], [ 118.487791439816746, 1.353784784936602 ], [ 118.495807466423074, 1.354786003655893 ], [ 118.499815466251491, 1.356788457814143 ], [ 118.503823493029373, 1.359792146719544 ], [ 118.506829478752238, 1.364798290177061 ], [ 118.509835492322864, 1.364798291075148 ], [ 118.513843519100732, 1.364798291075148 ], [ 118.513843519999071, 1.360793382708942 ], [ 118.513843519100732, 1.353784784936602 ], [ 118.515847519464117, 1.350781095764887 ], [ 118.518853533034729, 1.34877864113893 ], [ 118.523863546968755, 1.347777405574314 ], [ 118.528873560004413, 1.350781095764887 ], [ 118.531879544828996, 1.35178231482563 ], [ 118.538893586974112, 1.351782313927556 ], [ 118.542901585904232, 1.353784784038553 ], [ 118.545200641515905, 1.354514700251724 ], [ 118.547656660655534, 1.352999284577808 ], [ 118.550008167998385, 1.35090905484958 ], [ 118.550739748779236, 1.349654917586182 ], [ 118.550269447490322, 1.347460176941941 ], [ 118.551105538271315, 1.345787994704075 ], [ 118.552307420341108, 1.345004158576613 ], [ 118.55335253561401, 1.344795135985859 ], [ 118.553441396063604, 1.346468762098708 ], [ 118.554554415887168, 1.3502819867478 ], [ 118.5553905075665, 1.353939886963964 ], [ 118.556069832448955, 1.358015833601251 ], [ 118.563646912563058, 1.357597787947112 ], [ 118.568611205842345, 1.357127486612061 ], [ 118.571798805762825, 1.354723723803133 ], [ 118.574254824902425, 1.351431613123861 ], [ 118.57629279775324, 1.350072963711908 ], [ 118.576969693591167, 1.347777405574314 ], [ 118.576969692692856, 1.345774952069872 ], [ 118.572961665914946, 1.342771262893768 ], [ 118.562941638945276, 1.337765118941127 ], [ 118.549915599303262, 1.328754067519604 ], [ 118.534885559297905, 1.318741779853373 ], [ 118.523863546070416, 1.315738090984206 ], [ 118.512841506791787, 1.315738090086106 ], [ 118.495807466423074, 1.316739326098608 ], [ 118.483783412140554, 1.322746687915633 ], [ 118.470757399448019, 1.327752832760903 ], [ 118.464745373205076, 1.342771262893768 ], [ 118.478773399104853, 1.356788457814143 ] ] ] ] } },
{ "type": "Feature", "properties": { "objectid": 6437, "country": "IDN", "name": "PT. Batu Sempit Sawit Indonesia 2", "company": "PT. Batu Sempit Sawit Indonesia", "group_comp": "No group", "subgroup": null, "groupid": "99", "type": "Ijin Lokasi", "area_ha": "6500", "source": "Varies", "last_updat": "2014", "gfwid": "dfd91f66-00c7-49cc-a740-9200c9ff07dc", "cert_stat": null, "globalid": "{2A078DF8-5E9A-49EB-9694-0196A124551C}", "st_areasha": 65466960.865410998, "st_lengths": 43815.568032000003 }, "geometry": { "type": "MultiPolygon", "coordinates": [ [ [ [ 118.435792689564209, 1.311554528296577 ], [ 118.455832742605267, 1.328575413706981 ], [ 118.465852769574937, 1.310553309066081 ], [ 118.472866782075698, 1.304545930505268 ], [ 118.486894836721561, 1.301542257844908 ], [ 118.504930889399219, 1.304545930505268 ], [ 118.516954916732288, 1.303544712071654 ], [ 118.527976956909228, 1.300541022052373 ], [ 118.53699496977336, 1.300541022950435 ], [ 118.546012981739153, 1.306548385036598 ], [ 118.555031023349372, 1.309552074167957 ], [ 118.55903902227945, 1.315559453298395 ], [ 118.566053035678507, 1.319564361094455 ], [ 118.574069062284835, 1.320565596466507 ], [ 118.550021009415346, 1.267500488694527 ], [ 118.531984955839363, 1.27551030518752 ], [ 118.518958915299038, 1.255485730572591 ], [ 118.490902836549992, 1.256486965975024 ], [ 118.481735936012356, 1.26348440376196 ], [ 118.46971190957764, 1.270493001282158 ], [ 118.449671856536568, 1.276500363282294 ], [ 118.432637816167841, 1.276500364180368 ], [ 118.435792689564209, 1.311554528296577 ] ] ] ] } },
{ "type": "Feature", "properties": { "objectid": 6438, "country": "IDN", "name": "PT. Bharata Kaltim Kencana 1", "company": "PT. Bharata Kaltim Kencana", "group_comp": "No group", "subgroup": null, "groupid": "99", "type": "Ijin Lokasi", "area_ha": "4242", "source": "Varies", "last_updat": "2014", "gfwid": "f0999288-42e1-4ade-afef-4882e0f7bc64", "cert_stat": null, "globalid": "{9E6A1289-9D9A-4238-BFC5-1ED178DD825D}", "st_areasha": 42731432.463308997, "st_lengths": 32891.786146 }, "geometry": { "type": "MultiPolygon", "coordinates": [ [ [ [ 118.427627803132154, 1.246463519329258 ], [ 118.432637816167841, 1.276500364180368 ], [ 118.449671856536568, 1.276500363282294 ], [ 118.46971190957764, 1.270493001282158 ], [ 118.481735936012356, 1.26348440376196 ], [ 118.490902836549992, 1.256486965975024 ], [ 118.501775989053428, 1.239454921181778 ], [ 118.510794029765293, 1.224436491348266 ], [ 118.514802029593753, 1.206414371448312 ], [ 118.515804043699319, 1.180382434522889 ], [ 118.438649815461332, 1.253472116785095 ], [ 118.427627803132154, 1.246463519329258 ] ] ] ] } },
{ "type": "Feature", "properties": { "objectid": 6439, "country": "IDN", "name": "PT. Bharata Kaltim Kencana 2", "company": "PT. Bharata Kaltim Kencana", "group_comp": "No group", "subgroup": null, "groupid": "99", "type": "Ijin Lokasi", "area_ha": "7507", "source": "Varies", "last_updat": "2014", "gfwid": "bb15114e-3b84-4b7e-8783-e2cf9ae48903", "cert_stat": null, "globalid": "{5105CD12-0106-42D2-A33A-64E22FF8E56D}", "st_areasha": 75617021.038963005, "st_lengths": 39266.341529000005 }, "geometry": { "type": "MultiPolygon", "coordinates": [ [ [ [ 117.939471130722353, 1.279978960884485 ], [ 118.031754886485089, 1.295893809131689 ], [ 118.074851904498843, 1.300574631044949 ], [ 118.070635889884926, 1.237851429479726 ], [ 117.99006323602093, 1.232234433739765 ], [ 117.986315677556306, 1.241596094482905 ], [ 117.979757443281301, 1.252830104303892 ], [ 117.969451624490489, 1.261255606575045 ], [ 117.96101962490701, 1.266872620187981 ], [ 117.947903129407507, 1.272489616234573 ], [ 117.939471130722353, 1.279978960884485 ] ] ] ] } },
{ "type": "Feature", "properties": { "objectid": 6440, "country": "IDN", "name": "PT. Uni Andalan Utama 1", "company": "PT. Uni Andalan Utama", "group_comp": "No group", "subgroup": null, "groupid": "99", "type": "Ijin Lokasi", "area_ha": "10203", "source": "Varies", "last_updat": "2014", "gfwid": "ea1c475e-ad24-496b-b2e4-36d20c09a7d6", "cert_stat": null, "globalid": "{D235BF9C-A07C-40F2-846B-0141432A2D40}", "st_areasha": 102762832.31222101, "st_lengths": 54009.843426 }, "geometry": { "type": "MultiPolygon", "coordinates": [ [ [ [ 118.596204405183357, 1.320461379154481 ], [ 118.602216404476849, 1.317457688767273 ], [ 118.614240458759383, 1.304441712525631 ], [ 118.628268483760863, 1.288422064249052 ], [ 118.647306551442384, 1.274404868696281 ], [ 118.66534257717062, 1.263391346554749 ], [ 118.680372645023752, 1.252377840590955 ], [ 118.703418683787675, 1.239361863122013 ], [ 118.725462765039879, 1.226345888143166 ], [ 118.744500803975342, 1.213329927104181 ], [ 118.749510817011029, 1.206321329307185 ], [ 118.748508831651534, 1.19430658831475 ], [ 118.746504804338727, 1.180289377131168 ], [ 118.736484777369043, 1.166272181515103 ], [ 118.731474763435017, 1.158262348684644 ], [ 118.728468777712166, 1.158262348684644 ], [ 118.701414683424318, 1.185295520525214 ], [ 118.683378630746603, 1.2023164044475 ], [ 118.653318550735904, 1.222340979481499 ], [ 118.631274497331475, 1.238360628388005 ], [ 118.610232430184851, 1.252377839692868 ], [ 118.583178364643061, 1.271401179369712 ], [ 118.593198391612745, 1.298434350805855 ], [ 118.593198391612745, 1.314454000147105 ], [ 118.596204405183357, 1.320461379154481 ] ] ] ] } },
{ "type": "Feature", "properties": { "objectid": 6441, "country": "IDN", "name": "PT. Uni Andalan Utama 2", "company": "PT. Uni Andalan Utama", "group_comp": "No group", "subgroup": null, "groupid": "99", "type": "Ijin Lokasi", "area_ha": "3679", "source": "Varies", "last_updat": "2014", "gfwid": "25b60d8b-86a9-4a15-849f-42e6e70d96f5", "cert_stat": null, "globalid": "{B573EB1E-9466-4212-B94A-7BA197068B13}", "st_areasha": 37048108.447108999, "st_lengths": 40441.605623000003 }, "geometry": { "type": "MultiPolygon", "coordinates": [ [ [ [ 118.734191370363831, 1.140696369098431 ], [ 118.74220739697013, 1.131685301686186 ], [ 118.753229437147098, 1.12667915807735 ], [ 118.770263477515826, 1.122674249389107 ], [ 118.783289517157854, 1.11766810649012 ], [ 118.798319557163211, 1.106654600389155 ], [ 118.8073375700273, 1.098644767165987 ], [ 118.818359611102579, 1.08462757189028 ], [ 118.830383636639013, 1.065604232800592 ], [ 118.839401677350878, 1.054590711204957 ], [ 118.850423689680028, 1.037569826195736 ], [ 118.837397650038042, 1.024553849862494 ], [ 118.800323556628257, 1.073614049408568 ], [ 118.785293516622886, 1.093638623173182 ], [ 118.777277490016573, 1.100647220979516 ], [ 118.75623545071771, 1.108657054198613 ], [ 118.741205411610665, 1.115665652507525 ], [ 118.718159344100684, 1.124676703072983 ], [ 118.734191370363831, 1.140696369098431 ] ] ] ] } },
{ "type": "Feature", "properties": { "objectid": 6445, "country": "IDN", "name": "PT. Benowen Sumber Makmur 1", "company": "PT. Benowen Sumber Makmur", "group_comp": "No group", "subgroup": null, "groupid": "99", "type": "Ijin Lokasi", "area_ha": "2943", "source": "Varies", "last_updat": "2014", "gfwid": "0d5b4219-1e26-4176-812e-e82f2cc14981", "cert_stat": null, "globalid": "{8BB0E134-B988-4F77-83AB-0FC6BA957B05}", "st_areasha": 29658568.597372003, "st_lengths": 22692.124373 }, "geometry": { "type": "MultiPolygon", "coordinates": [ [ [ [ 117.178415756714855, 1.761391464125822 ], [ 117.18523537648305, 1.761391465023731 ], [ 117.202284427700164, 1.772748718550779 ], [ 117.223879872333185, 1.770477277355877 ], [ 117.20455762440811, 1.710283862798847 ], [ 117.164833096668289, 1.711386466310656 ], [ 117.178415756714855, 1.761391464125822 ] ] ] ] } },
{ "type": "Feature", "properties": { "objectid": 6446, "country": "IDN", "name": "PT. Benowen Sumber Makmur 2", "company": "PT. Benowen Sumber Makmur", "group_comp": "No group", "subgroup": null, "groupid": "99", "type": "Ijin Lokasi", "area_ha": "9354", "source": "Varies", "last_updat": "2014", "gfwid": "a5fff739-2dcb-45fd-8ac7-9cf98189ef92", "cert_stat": null, "globalid": "{FF195BE0-49EB-41D9-89A1-D1FA7108CB17}", "st_areasha": 94252743.839379996, "st_lengths": 45156.039878000003 }, "geometry": { "type": "MultiPolygon", "coordinates": [ [ [ [ 117.029681451679735, 1.795479803685216 ], [ 117.158773940313964, 1.772533989259533 ], [ 117.155670772148724, 1.765092090565874 ], [ 117.155050121627369, 1.760130829464079 ], [ 117.153808848432377, 1.755169567731325 ], [ 117.155050121627369, 1.748347848287669 ], [ 117.156291394822333, 1.744626898892603 ], [ 117.155670772148724, 1.740285801567577 ], [ 117.153808849330701, 1.73780516272484 ], [ 117.150085030644078, 1.735944687066042 ], [ 117.148843756550804, 1.730983443218463 ], [ 117.148843757449114, 1.724161707247932 ], [ 117.148223107826027, 1.716099659968241 ], [ 117.148843757449114, 1.708037612821802 ], [ 117.146361211957483, 1.705556974183638 ], [ 117.133327833079605, 1.703076351203752 ], [ 117.130224637066618, 1.686332093551891 ], [ 117.078091120656808, 1.699975565968572 ], [ 117.053886286617427, 1.780596037484103 ], [ 117.049541818307745, 1.786177445542342 ], [ 117.044576726426172, 1.786797608529685 ], [ 117.041473558260947, 1.785557281447772 ], [ 117.035887816756286, 1.785557281447772 ], [ 117.032163998069663, 1.787417756941576 ], [ 117.030302074353344, 1.790518542547175 ], [ 117.029681451679735, 1.795479803685216 ] ] ] ] } },
{ "type": "Feature", "properties": { "objectid": 6447, "country": "IDN", "name": "PT. Benowen Sumber Makmur 3", "company": "PT. Benowen Sumber Makmur", "group_comp": "No group", "subgroup": null, "groupid": "99", "type": "Ijin Lokasi", "area_ha": "4017", "source": "Varies", "last_updat": "2014", "gfwid": "b8807764-0de5-4fe1-a5d1-4627b49b0627", "cert_stat": null, "globalid": "{537AE158-78B4-4016-B1E9-0B28A1CF4334}", "st_areasha": 40477646.404720999, "st_lengths": 36141.371647 }, "geometry": { "type": "MultiPolygon", "coordinates": [ [ [ [ 117.036680668927715, 1.706378436353807 ], [ 117.032727997235966, 1.706940147959882 ], [ 117.030312001635522, 1.705809282645985 ], [ 117.029665500295238, 1.704985994766363 ], [ 117.0283174299894, 1.703267041241337 ], [ 117.02331376983939, 1.699105378117833 ], [ 117.018197195051457, 1.696029371840194 ], [ 117.012969674732616, 1.695640380428443 ], [ 117.009005687861574, 1.709826463893436 ], [ 117.009862640218444, 1.714666727762192 ], [ 117.011006478544402, 1.723107789452172 ], [ 117.011525744304521, 1.731422191151953 ], [ 117.012390914449597, 1.745101597313752 ], [ 117.013536762306884, 1.755406383620486 ], [ 117.013718064789117, 1.7669235022749 ], [ 117.01514487781948, 1.773645580980858 ], [ 117.01845769031415, 1.792047607932283 ], [ 117.020081698820775, 1.792014476310279 ], [ 117.019973402421684, 1.79005489962376 ], [ 117.020211648211458, 1.786477093712236 ], [ 117.020461401420008, 1.784010899531912 ], [ 117.022358348652645, 1.77942591162517 ], [ 117.026505401398865, 1.776275899713904 ], [ 117.029507635757085, 1.77530197496452 ], [ 117.03254340242826, 1.774825899693845 ], [ 117.036850704739649, 1.774753704404958 ], [ 117.038338401986763, 1.775068899501606 ], [ 117.039593065469347, 1.775697063679526 ], [ 117.041475402502229, 1.777003900023146 ], [ 117.042440401526505, 1.77797140042164 ], [ 117.043405402347418, 1.778938899415143 ], [ 117.044693633177275, 1.779290071936038 ], [ 117.046302402663372, 1.778696900357628 ], [ 117.047382495638502, 1.777498541158055 ], [ 117.048237401633159, 1.775312899520318 ], [ 117.048360902018416, 1.77229090022818 ], [ 117.048484401505334, 1.769268900493563 ], [ 117.050057902235082, 1.765400900621394 ], [ 117.051631402066576, 1.761532899883948 ], [ 117.052078735230296, 1.757944717535177 ], [ 117.051877402113846, 1.755971899440269 ], [ 117.051509516852178, 1.7549059362095 ], [ 117.05091340201615, 1.75379590011892 ], [ 117.049103902183177, 1.75234490027749 ], [ 117.047294402350147, 1.750893900209757 ], [ 117.046714129304164, 1.749775854300963 ], [ 117.0461084015963, 1.747999899663676 ], [ 117.045727214980218, 1.745167358511378 ], [ 117.046112401794275, 1.743647899745778 ], [ 117.047234781164761, 1.742284333155843 ], [ 117.050220402080129, 1.740263899967733 ], [ 117.053073974241968, 1.73881295163335 ], [ 117.054326401817846, 1.738330899607353 ], [ 117.056016901825132, 1.738089399904887 ], [ 117.057707401832459, 1.737847899273648 ], [ 117.058717714574641, 1.737384296200356 ], [ 117.060848402545872, 1.736155899880054 ], [ 117.063227644474807, 1.734514666446806 ], [ 117.063989401462678, 1.733738899953078 ], [ 117.064483932111457, 1.732788613736752 ], [ 117.064715401908998, 1.7315629000669 ], [ 117.064717901920417, 1.729145399532613 ], [ 117.064720401931893, 1.726727900408571 ], [ 117.064843401955528, 1.724309899870301 ], [ 117.064966401979177, 1.721891899851758 ], [ 117.065074619326523, 1.717449654586444 ], [ 117.064972402725274, 1.71584789968803 ], [ 117.064205109420271, 1.714609793788679 ], [ 117.062801401957302, 1.71294589997722 ], [ 117.061958901696741, 1.710407399750409 ], [ 117.061116402334491, 1.707868899756859 ], [ 117.059790992031679, 1.705143148294318 ], [ 117.058705402265346, 1.703515899303924 ], [ 117.057456870682884, 1.702365557915825 ], [ 117.055086402599343, 1.701097899982966 ], [ 117.05240298213208, 1.700298740786302 ], [ 117.051223402535882, 1.70037189969536 ], [ 117.049411902154731, 1.701096899700758 ], [ 117.047600401773593, 1.701821899433748 ], [ 117.046150901790725, 1.702304899908365 ], [ 117.044701401807828, 1.702787900261968 ], [ 117.042170652718042, 1.703943894690059 ], [ 117.041319401968266, 1.70472190012836 ], [ 117.040472902408069, 1.706292899887494 ], [ 117.039626401949533, 1.707863899261335 ], [ 117.038538734379969, 1.709681803445166 ], [ 117.03769140208145, 1.711006899819354 ], [ 117.036424891616903, 1.712298543486337 ], [ 117.034550402266348, 1.713181899559185 ], [ 117.032658782941652, 1.713403478619108 ], [ 117.028756401634425, 1.712938899840772 ], [ 117.026495220791716, 1.712368753188968 ], [ 117.025618402192379, 1.711971900245866 ], [ 117.024774901208588, 1.710279400160779 ], [ 117.023931402021418, 1.708586899480789 ], [ 117.023086902111018, 1.707981899817482 ], [ 117.022242401302321, 1.707376899963711 ], [ 117.021439952428693, 1.706648103236147 ], [ 117.02103540242868, 1.706167899964478 ], [ 117.02084854386645, 1.705285327240391 ], [ 117.021278402102936, 1.704958900103293 ], [ 117.021803895882869, 1.705083337110546 ], [ 117.025381402365923, 1.70665289990767 ], [ 117.029062790028391, 1.708549563239564 ], [ 117.031173401551371, 1.709554900161897 ], [ 117.032631007931386, 1.709830164202468 ], [ 117.03382940184288, 1.709555900439703 ], [ 117.034792023026611, 1.708871613325617 ], [ 117.036246401759811, 1.70713789972855 ], [ 117.036680668927715, 1.706378436353807 ] ] ] ] } },
{ "type": "Feature", "properties": { "objectid": 6448, "country": "IDN", "name": "PT. Wana Bumi Sanggam 1", "company": "PT. Wana Bumi Sanggam", "group_comp": "No group", "subgroup": null, "groupid": "99", "type": "Ijin Lokasi", "area_ha": "5453", "source": "Varies", "last_updat": "2014", "gfwid": "eee349f6-2f46-41ee-a8bb-c868de684aed", "cert_stat": null, "globalid": "{173D739B-EBCA-4A3B-9F69-09BE0C196D6B}", "st_areasha": 54940886.650635995, "st_lengths": 36040.495425000001 }, "geometry": { "type": "MultiPolygon", "coordinates": [ [ [ [ 117.099502023482657, 1.602742902329653 ], [ 117.16126989675449, 1.602987244562398 ], [ 117.161680353177459, 1.599908816930401 ], [ 117.163322181564368, 1.595188562854399 ], [ 117.167426752082477, 1.588621250795676 ], [ 117.170505179746471, 1.58308008057824 ], [ 117.171120864380939, 1.578154597274271 ], [ 117.16804243761527, 1.573023884095068 ], [ 117.157781012667485, 1.558863118122391 ], [ 117.157986240878998, 1.542855296015227 ], [ 117.169273807782531, 1.526437016674111 ], [ 117.170299950636675, 1.520895847555531 ], [ 117.169889493315367, 1.514328535147761 ], [ 117.167016294761154, 1.507145538216139 ], [ 117.163937867097175, 1.500372997665022 ], [ 117.163732638885691, 1.492984771128499 ], [ 117.144387770483419, 1.491445861069913 ], [ 117.141062884631324, 1.509718508209573 ], [ 117.132750723001735, 1.537958057327689 ], [ 117.121113674621711, 1.557891861474531 ], [ 117.112801514788728, 1.5695199022254 ], [ 117.099502023482657, 1.602742902329653 ] ] ] ] } },
{ "type": "Feature", "properties": { "objectid": 6449, "country": "IDN", "name": "PT. Wana Bumi Sanggam 2", "company": "PT. Wana Bumi Sanggam", "group_comp": "No group", "subgroup": null, "groupid": "99", "type": "Ijin Lokasi", "area_ha": "6286", "source": "Varies", "last_updat": "2014", "gfwid": "dbe89343-7660-4178-aadf-bb7be9c9471c", "cert_stat": null, "globalid": "{C1875CF5-07F5-4E84-9ADB-B41A332DCA4B}", "st_areasha": 63328151.362455003, "st_lengths": 36990.646247999997 }, "geometry": { "type": "MultiPolygon", "coordinates": [ [ [ [ 117.165579695484098, 1.602987244562398 ], [ 117.197595340494686, 1.602782016736305 ], [ 117.207651536332676, 1.576102312262111 ], [ 117.224275044819933, 1.533004328084967 ], [ 117.231458042103725, 1.50981350889074 ], [ 117.233920784234897, 1.498115484273136 ], [ 117.170094721526851, 1.493600457698149 ], [ 117.170299950636675, 1.502014825592756 ], [ 117.170915636169454, 1.505503709657942 ], [ 117.171326092592423, 1.506529851866024 ], [ 117.172967920979346, 1.507555994488799 ], [ 117.174814977577768, 1.509197823295485 ], [ 117.175841119533516, 1.511044878660025 ], [ 117.17563589222037, 1.514328535147761 ], [ 117.174814976679428, 1.523358589050383 ], [ 117.174199291146621, 1.527052701849837 ], [ 117.171531321702247, 1.530336358228596 ], [ 117.165990151907067, 1.535261841897526 ], [ 117.164964009951262, 1.53649321238998 ], [ 117.163527409775867, 1.540187325891892 ], [ 117.162090811397093, 1.544291895722797 ], [ 117.16126989675449, 1.550859206938928 ], [ 117.16126989675449, 1.55332194889552 ], [ 117.163322181564368, 1.555579462677775 ], [ 117.165169238162775, 1.559273576152321 ], [ 117.167631980293976, 1.564404288031122 ], [ 117.170915636169454, 1.567482715423942 ], [ 117.172352235446567, 1.570355914431158 ], [ 117.174199292044946, 1.574665712717295 ], [ 117.175430663110546, 1.576307540046207 ], [ 117.177072490599144, 1.577744140254194 ], [ 117.177482947920439, 1.578565054213372 ], [ 117.175841120431855, 1.582874852565143 ], [ 117.17317315008917, 1.587184650938326 ], [ 117.169479035994044, 1.590468306928561 ], [ 117.16681106654967, 1.594162419620245 ], [ 117.164758781739778, 1.598677446020302 ], [ 117.165579695484098, 1.602987244562398 ] ] ] ] } },
{ "type": "Feature", "properties": { "objectid": 6470, "country": "IDN", "name": "PT. Berau Bukit Gemilang 1", "company": "PT. Berau Bukit Gemilang", "group_comp": "No group", "subgroup": null, "groupid": "99", "type": "Ijin Lokasi", "area_ha": "4283", "source": "Varies", "last_updat": "2014", "gfwid": "a28748e2-d95a-4ea1-ab79-46a63d5864e1", "cert_stat": null, "globalid": "{981F4929-D1ED-408F-94CB-65BB562B2DBD}", "st_areasha": 43189278.864240997, "st_lengths": 25459.283931999998 }, "geometry": { "type": "MultiPolygon", "coordinates": [ [ [ [ 116.722092173683592, 2.25214861944485 ], [ 116.776989622067987, 2.293117098673459 ], [ 116.785549186913357, 2.286464820332859 ], [ 116.796961930458508, 2.275060898817215 ], [ 116.803694419034045, 2.267372556688735 ], [ 116.803514402041003, 2.265801900030601 ], [ 116.803180800982148, 2.259916015531359 ], [ 116.80328040168925, 2.258306899551795 ], [ 116.803526337057889, 2.257007638795576 ], [ 116.804250401634746, 2.253954900057509 ], [ 116.804855902068866, 2.251899899307245 ], [ 116.805461402502957, 2.249844900146751 ], [ 116.805615319843724, 2.24756506388769 ], [ 116.804982401928854, 2.245250899761957 ], [ 116.8043060226222, 2.243993815809312 ], [ 116.803777401806727, 2.243316899421306 ], [ 116.802469063985896, 2.242091569177231 ], [ 116.800640402189586, 2.240656900194935 ], [ 116.79883090145826, 2.239447400108209 ], [ 116.797021402523583, 2.238237899920596 ], [ 116.795814901316632, 2.23714990022328 ], [ 116.794608401906302, 2.23606189971883 ], [ 116.792194402362384, 2.23557789955196 ], [ 116.789780401920211, 2.235093900123081 ], [ 116.78760790186405, 2.234488899715002 ], [ 116.785435401807916, 2.233883899955312 ], [ 116.783262402288443, 2.233520899979855 ], [ 116.781089401870688, 2.233157899914707 ], [ 116.779762401549817, 2.232190399284478 ], [ 116.778435402127286, 2.231222899812721 ], [ 116.775879811026613, 2.229431769262864 ], [ 116.775298401611821, 2.229045900025098 ], [ 116.774824923880075, 2.228812942037269 ], [ 116.772643402043514, 2.228078899366525 ], [ 116.770712402373377, 2.227715899753678 ], [ 116.768781402703254, 2.227352900051367 ], [ 116.767936901894572, 2.226748400033328 ], [ 116.767092401984158, 2.226143899767296 ], [ 116.764889747280563, 2.224828557102175 ], [ 116.763472401594953, 2.224208900320631 ], [ 116.761332585842084, 2.223974948779845 ], [ 116.753088401526611, 2.225414899593363 ], [ 116.748985703995899, 2.226435466702853 ], [ 116.748499401915154, 2.2266228996102 ], [ 116.746280901828257, 2.228015399686773 ], [ 116.744062401741346, 2.229407900241916 ], [ 116.742129901884681, 2.230495400305591 ], [ 116.740197402028045, 2.231582899565285 ], [ 116.738022401960464, 2.23375840014084 ], [ 116.735847401892855, 2.235933900187265 ], [ 116.734276902434459, 2.237021899888994 ], [ 116.732706402077767, 2.238109900578935 ], [ 116.731255401908314, 2.240164399205527 ], [ 116.729804401738917, 2.24221889943844 ], [ 116.728233401918914, 2.244152899436011 ], [ 116.726662402098896, 2.246086900465786 ], [ 116.724486402206395, 2.248987899901831 ], [ 116.722310402313866, 2.251888899852782 ], [ 116.722092173683592, 2.25214861944485 ] ] ] ] } },
{ "type": "Feature", "properties": { "objectid": 6471, "country": "IDN", "name": "PT. Berau Bukit Gemilang 2", "company": "PT. Berau Bukit Gemilang", "group_comp": "No group", "subgroup": null, "groupid": "99", "type": "Ijin Lokasi", "area_ha": "8216", "source": "Varies", "last_updat": "2014", "gfwid": "04c25abd-c958-434f-bf4b-90fa554c667a", "cert_stat": null, "globalid": "{ADEE9C67-4724-4D7B-A525-4AE39B930DD1}", "st_areasha": 82837546.277508005, "st_lengths": 43303.675546 }, "geometry": { "type": "MultiPolygon", "coordinates": [ [ [ [ 116.825582723432802, 2.241737246806411 ], [ 116.833415108343914, 2.228402691947577 ], [ 116.773965611648947, 2.154525026703299 ], [ 116.73276323219757, 2.155061104190995 ], [ 116.708813730802945, 2.200536255858027 ], [ 116.716908366284841, 2.233586761991408 ], [ 116.718239401837948, 2.249273400645785 ], [ 116.720446401692584, 2.246417899692083 ], [ 116.724860402300209, 2.240706899894278 ], [ 116.727034902006167, 2.238894399380398 ], [ 116.72920940171214, 2.237081900215391 ], [ 116.729934401435273, 2.23635639994159 ], [ 116.730659402056645, 2.235630900206728 ], [ 116.731715304299499, 2.234574867746455 ], [ 116.733560402570589, 2.23273089940427 ], [ 116.735975401939399, 2.231884900416756 ], [ 116.738390402206463, 2.231038900044784 ], [ 116.739670429621114, 2.228863140517399 ], [ 116.741293402370232, 2.225720899787836 ], [ 116.743217831762365, 2.223131856703958 ], [ 116.7439524021365, 2.222335900102367 ], [ 116.745928551132792, 2.221000500755294 ], [ 116.748542401572891, 2.220160899702152 ], [ 116.751106231122975, 2.21970274637758 ], [ 116.752647402383985, 2.219436900026657 ], [ 116.754096402005274, 2.2191954003598 ], [ 116.755545401626563, 2.218953899755838 ], [ 116.757355840198997, 2.218559872700711 ], [ 116.759168402388795, 2.217987900536254 ], [ 116.760074791730688, 2.217577502019388 ], [ 116.761825401606941, 2.216537899652039 ], [ 116.762550401330017, 2.215933399695614 ], [ 116.763275401951432, 2.215328899492404 ], [ 116.764483402446601, 2.215328899492404 ], [ 116.765448402369231, 2.215328900390033 ], [ 116.76597404347288, 2.21553474538023 ], [ 116.768585401986357, 2.218230899462645 ], [ 116.769796794520062, 2.220074413788296 ], [ 116.770514402006683, 2.220890899749833 ], [ 116.771238401904853, 2.22101189989135 ], [ 116.771962401803037, 2.221132900022969 ], [ 116.772748301912515, 2.221763073050727 ], [ 116.775581401469026, 2.224034900268253 ], [ 116.776787902675977, 2.225002399974289 ], [ 116.777994402086307, 2.225969899943243 ], [ 116.77899782834352, 2.226432849192937 ], [ 116.783064402820045, 2.226937899260834 ], [ 116.784271401693672, 2.22693840014218 ], [ 116.78547840146561, 2.226938900125911 ], [ 116.786188817040042, 2.227167976131488 ], [ 116.787892401907783, 2.228147899757612 ], [ 116.789218902765384, 2.229477900536394 ], [ 116.790545401826293, 2.230807899215667 ], [ 116.792597401870239, 2.231170899861152 ], [ 116.794649401914171, 2.231533900417034 ], [ 116.795856401686109, 2.232259399482734 ], [ 116.797063402356372, 2.232984899985624 ], [ 116.798030227655644, 2.233539727828172 ], [ 116.798752402177186, 2.233952899176387 ], [ 116.800562402371781, 2.234920399543432 ], [ 116.802372401668052, 2.235887900170531 ], [ 116.804181902399392, 2.237338899925017 ], [ 116.805991402232365, 2.238789900039135 ], [ 116.806956402154995, 2.239515400006331 ], [ 116.807921402077582, 2.240240899614315 ], [ 116.808490483911797, 2.240742839140686 ], [ 116.810092401947216, 2.242416899893571 ], [ 116.811150191550453, 2.243796897207579 ], [ 116.811780401943111, 2.245076899510234 ], [ 116.812018432137208, 2.24668825980447 ], [ 116.811827518579747, 2.24777147345862 ], [ 116.825582723432802, 2.241737246806411 ] ] ] ] } },
{ "type": "Feature", "properties": { "objectid": 6472, "country": "IDN", "name": "PT. Mega Benua Utama 1", "company": "PT. Mega Benua Utama", "group_comp": "No group", "subgroup": null, "groupid": "99", "type": "Ijin Lokasi", "area_ha": "3223", "source": "Varies", "last_updat": "2014", "gfwid": "707ffefa-6a5a-465b-83bd-909e3b0c6c56", "cert_stat": null, "globalid": "{B0754ED9-7A55-479E-B34D-24DE70F0CB95}", "st_areasha": 32505304.889458001, "st_lengths": 32959.599930999997 }, "geometry": { "type": "MultiPolygon", "coordinates": [ [ [ [ 117.989385818261809, 2.386360150325317 ], [ 117.989226900898146, 2.386399878868835 ], [ 117.987728882008483, 2.389393600465743 ], [ 117.977984585728748, 2.405326485693785 ], [ 117.968240289448971, 2.416833586230079 ], [ 117.956724302528215, 2.423029708121806 ], [ 117.947865852018126, 2.423914869284545 ], [ 117.933692329585043, 2.420374228342649 ], [ 117.923062188433931, 2.417718746951358 ], [ 117.954952612785533, 2.456665816686896 ], [ 117.959381838040599, 2.455780656440525 ], [ 117.970011979191682, 2.445158715621027 ], [ 117.97444120534503, 2.438962593908188 ], [ 117.979756275471388, 2.434536792131009 ], [ 117.985071346496099, 2.433651632543535 ], [ 117.99038641752081, 2.43276647147737 ], [ 117.998359023159537, 2.433651631646021 ], [ 118.000130713800587, 2.429225831277586 ], [ 117.998359023159537, 2.424800028970934 ], [ 117.998359023159537, 2.420374228342649 ], [ 118.001902404441552, 2.413292945653031 ], [ 118.009875010080293, 2.404441326784087 ], [ 118.016075925976352, 2.39824520463312 ], [ 118.018733461488722, 2.396474883348522 ], [ 118.01784761661736, 2.391163921921709 ], [ 118.012471311931336, 2.391809154725201 ], [ 118.009575204540766, 2.390357924396072 ], [ 118.00818425854473, 2.388222415591894 ], [ 118.008151365832262, 2.386972484414982 ], [ 118.010936669625806, 2.381711354419668 ], [ 118.011400886625268, 2.375676529491562 ], [ 118.008925060531993, 2.370260660651526 ], [ 117.9985575409559, 2.379390268341284 ], [ 117.99844521201949, 2.381075204466353 ], [ 117.996391193461093, 2.38217557152516 ], [ 117.991284802873523, 2.384187179268144 ], [ 117.989582672378233, 2.385425092266116 ], [ 117.989385818261809, 2.386360150325317 ] ] ] ] } },
{ "type": "Feature", "properties": { "objectid": 6473, "country": "IDN", "name": "PT. Mega Benua Utama 2", "company": "PT. Mega Benua Utama", "group_comp": "No group", "subgroup": null, "groupid": "99", "type": "Ijin Lokasi", "area_ha": "15281", "source": "Varies", "last_updat": "2014", "gfwid": "94a21cc5-dd32-4750-8079-cdb2fd39e18e", "cert_stat": null, "globalid": "{48230176-EE12-4CCB-B7B6-CC970C3154F0}", "st_areasha": 153991343.57617599, "st_lengths": 100163.096123 }, "geometry": { "type": "MultiPolygon", "coordinates": [ [ [ [ 117.78602305726929, 1.936026097517288 ], [ 117.783378726093332, 1.971697066936883 ], [ 117.789989582779398, 1.971697067834689 ], [ 117.792633913955399, 1.963770186883351 ], [ 117.800566934432823, 1.949237564330821 ], [ 117.811144260035064, 1.916208887140884 ], [ 117.823043778174835, 1.885822503547659 ], [ 117.833621130726542, 1.867326449238105 ], [ 117.844198483278262, 1.855436120865091 ], [ 117.871964045067827, 1.852793826868596 ], [ 117.874608375345503, 1.851472687819166 ], [ 117.877252706521489, 1.846188101130726 ], [ 117.881219203285468, 1.826370891903292 ], [ 117.890474391147521, 1.809195976221922 ], [ 117.902373909287263, 1.79334221526784 ], [ 117.927495111154727, 1.776167298890362 ], [ 117.944683319494175, 1.76691926424277 ], [ 117.963193665573883, 1.753707796016561 ], [ 117.990959227363433, 1.731248293853691 ], [ 118.016080429230868, 1.712752238805001 ], [ 118.043845962274318, 1.690292736170213 ], [ 118.051778983650081, 1.685008149361395 ], [ 118.051778983650081, 1.679723562580897 ], [ 117.996247888817109, 1.678402423527867 ], [ 117.993017677311116, 1.678402423527867 ], [ 117.975801985015522, 1.689504132108214 ], [ 117.972175130480665, 1.684495617142144 ], [ 117.965295911984953, 1.688145814799284 ], [ 117.967160190185652, 1.711431099848354 ], [ 117.959227168809903, 1.731248292955795 ], [ 117.923528614390719, 1.723321413682823 ], [ 117.905018240463249, 1.729927155143079 ], [ 117.895763080448987, 1.735211742170121 ], [ 117.890474391147521, 1.743138622845349 ], [ 117.882541369771786, 1.761634677594761 ], [ 117.86667535396974, 1.784094179682736 ], [ 117.861386692516064, 1.795984508604166 ], [ 117.854775836728308, 1.801269095480921 ], [ 117.841554153000615, 1.802590249907837 ], [ 117.829654633962562, 1.831655478915512 ], [ 117.807177763271099, 1.884501365103743 ], [ 117.78602305726929, 1.936026097517288 ] ] ] ] } },
{ "type": "Feature", "properties": { "objectid": 6476, "country": "IDN", "name": "KUD Restu Bersama 1", "company": "KUD Restu Bersama", "group_comp": "No group", "subgroup": null, "groupid": "99", "type": "Ijin Lokasi", "area_ha": "3254", "source": "Varies", "last_updat": "2014", "gfwid": "d0d0d5c4-6897-406a-abbb-4ba4d9e9d53b", "cert_stat": null, "globalid": "{5D1C532C-2DCC-4F3E-9A53-7B5CAB86546E}", "st_areasha": 32809251.243717998, "st_lengths": 31848.833984000001 }, "geometry": { "type": "MultiPolygon", "coordinates": [ [ [ [ 117.894133890459798, 2.290976347854647 ], [ 117.919498048882375, 2.299122807017405 ], [ 117.926744955010392, 2.285545369671026 ], [ 117.929462562662408, 2.278304054118725 ], [ 117.932180142466677, 2.265631777232529 ], [ 117.936709440942693, 2.251149178719885 ], [ 117.946673953824444, 2.23214074757676 ], [ 117.953014972768827, 2.218563309771669 ], [ 117.973849832715388, 2.206796192561447 ], [ 117.962979486548903, 2.189598097070266 ], [ 117.938521188360511, 2.201365214675157 ], [ 117.923121515870235, 2.231235586974826 ], [ 117.912251141855975, 2.255674980955561 ], [ 117.906815983145805, 2.270157594448134 ], [ 117.894133890459798, 2.290976347854647 ] ] ] ] } },
{ "type": "Feature", "properties": { "objectid": 6477, "country": "IDN", "name": "KUD Restu Bersama 2", "company": "KUD Restu Bersama", "group_comp": "No group", "subgroup": null, "groupid": "99", "type": "Ijin Lokasi", "area_ha": "405", "source": "Varies", "last_updat": "2014", "gfwid": "feb2e3a4-7f57-417e-b21e-2cec1ffa7341", "cert_stat": null, "globalid": "{09F4264C-ACC0-43DD-B933-E2F865028F8A}", "st_areasha": 4079921.9558509993, "st_lengths": 9240.800077 }, "geometry": { "type": "MultiPolygon", "coordinates": [ [ [ [ 118.05798034061894, 1.634047142930677 ], [ 118.061552830011095, 1.639296749201298 ], [ 118.076800696201516, 1.627688302780262 ], [ 118.064457184834268, 1.611726691156943 ], [ 118.051076655608099, 1.620003462469393 ], [ 118.062673804416463, 1.630956324882976 ], [ 118.05798034061894, 1.634047142930677 ] ] ] ] } },
{ "type": "Feature", "properties": { "objectid": 6504, "country": "IDN", "name": "PT. MAUDY PESTHIKA", "company": "PT. MAUDY PESTHIKA", "group_comp": "No group", "subgroup": null, "groupid": "99", "type": "No Data", "area_ha": "5845", "source": "Varies", "last_updat": "2014", "gfwid": "5fef1187-fe6c-40aa-824e-e76ffdc875d2", "cert_stat": null, "globalid": "{C6163EEB-6C19-4AC8-BBFF-951097683FCC}", "st_areasha": 58923453.338141002, "st_lengths": 42427.942676 }, "geometry": { "type": "MultiPolygon", "coordinates": [ [ [ [ 117.27680206285001, 1.993216038444278 ], [ 117.234100342188839, 2.062719106666618 ], [ 117.238502502102676, 2.067348002618393 ], [ 117.242301940969924, 2.071962117445845 ], [ 117.244499206680132, 2.074795961124378 ], [ 117.241302489757857, 2.083544969755579 ], [ 117.239997863775756, 2.086278915922003 ], [ 117.233200073068957, 2.09302091560824 ], [ 117.225799560417229, 2.099744081925595 ], [ 117.217002868184622, 2.108854054953643 ], [ 117.217697142830076, 2.122562885058026 ], [ 117.220397949291325, 2.125237942090453 ], [ 117.225700378325044, 2.127120018266352 ], [ 117.253700256673284, 2.135531902358548 ], [ 117.251701355147475, 2.119705915154089 ], [ 117.23979949869306, 2.110708952343078 ], [ 117.23930358913033, 2.108616114138105 ], [ 117.240097045867984, 2.106036901912622 ], [ 117.250198364082678, 2.095232010035043 ], [ 117.260002136020731, 2.086498022385003 ], [ 117.283897399833421, 2.071918964559439 ], [ 117.286102294935361, 2.061928987243564 ], [ 117.288002013470688, 2.057651043680502 ], [ 117.29519653344461, 2.049362897579257 ], [ 117.300102234109488, 2.038757085717777 ], [ 117.301902771450912, 2.029968976785544 ], [ 117.301200866515444, 2.021802902301941 ], [ 117.298400878860292, 2.012020111268321 ], [ 117.295700073297326, 2.00605297082722 ], [ 117.290702819931937, 2.000191926589272 ], [ 117.285797119267059, 1.996588945535725 ], [ 117.27680206285001, 1.993216038444278 ] ] ] ] } },
{ "type": "Feature", "properties": { "objectid": 6505, "country": "IDN", "name": "PT. SIGMA LUHUR INDAH", "company": "PT. SIGMA LUHUR INDAH", "group_comp": "No group", "subgroup": null, "groupid": "99", "type": "No Data", "area_ha": "24957", "source": "Varies", "last_updat": "2014", "gfwid": "4e13e6fe-60a0-4a03-ae53-703904cffa86", "cert_stat": null, "globalid": "{89214742-5B5B-4A03-B61C-DD405DA17853}", "st_areasha": 251556932.39203703, "st_lengths": 96764.301796999993 }, "geometry": { "type": "MultiPolygon", "coordinates": [ [ [ [ 117.47930145302297, 1.991984963070951 ], [ 117.474998474303021, 2.056155920137369 ], [ 117.485099792517715, 2.056612015302437 ], [ 117.485702514462631, 2.093367099985243 ], [ 117.521598815923625, 2.098536015001782 ], [ 117.526702880772945, 2.076500893387214 ], [ 117.570701598922781, 2.07548499109448 ], [ 117.574203491513416, 2.064840078036654 ], [ 117.598396301602719, 2.06621408409986 ], [ 117.619796752530277, 2.046192884012178 ], [ 117.623298645120855, 2.00851297363609 ], [ 117.601097107165657, 1.993679047106924 ], [ 117.44850158701955, 1.942391038420791 ], [ 117.431198119439244, 1.931982040093647 ], [ 117.415397644720329, 1.920557976393567 ], [ 117.401702880316222, 1.909855008278699 ], [ 117.389999389842842, 1.899868011406699 ], [ 117.377601622927386, 1.888664960598752 ], [ 117.370399474460086, 1.882189035300228 ], [ 117.363296508983282, 1.875195979306608 ], [ 117.352500915224823, 1.8714250329395 ], [ 117.349998473846313, 1.873975038374286 ], [ 117.344001770167168, 1.915066003204449 ], [ 117.360603331913694, 1.919092059248637 ], [ 117.365699768269621, 1.95431005983575 ], [ 117.443298340078044, 1.96023500043433 ], [ 117.443397522170258, 1.993141055647347 ], [ 117.47930145302297, 1.991984963070951 ] ] ] ] } },
{ "type": "Feature", "properties": { "objectid": 6506, "country": "IDN", "name": "DITJEN PERIKANAN 1", "company": "DITJEN PERIKANAN", "group_comp": "No group", "subgroup": null, "groupid": "99", "type": "No Data", "area_ha": "316", "source": "Varies", "last_updat": "2014", "gfwid": "c7cb5a51-7916-4cf2-82bd-6887b3a831f1", "cert_stat": null, "globalid": "{16C416FE-AB9A-4D08-ADF4-168C79BACCA1}", "st_areasha": 3184592.4423500001, "st_lengths": 7070.297487 }, "geometry": { "type": "MultiPolygon", "coordinates": [ [ [ [ 117.756050110247884, 1.998998045606874 ], [ 117.756050109349559, 1.998976111324235 ], [ 117.749847412094326, 1.998134136119614 ], [ 117.740348815824547, 2.005331039438484 ], [ 117.747749328476274, 2.018180132061178 ], [ 117.763648986185714, 2.006985187021057 ], [ 117.756050110247884, 1.998998045606874 ] ] ] ] } },
{ "type": "Feature", "properties": { "objectid": 6507, "country": "IDN", "name": "DITJEN PERIKANAN 2", "company": "DITJEN PERIKANAN", "group_comp": "No group", "subgroup": null, "groupid": "99", "type": "No Data", "area_ha": "313", "source": "Varies", "last_updat": "2014", "gfwid": "a457e6c2-7f9e-41b6-afa7-e21a4049a5af", "cert_stat": null, "globalid": "{BFEF088B-4412-4252-B090-3F3235B007B2}", "st_areasha": 3151554.7406510003, "st_lengths": 7197.365484 }, "geometry": { "type": "MultiPolygon", "coordinates": [ [ [ [ 117.769447326578742, 1.989019036304357 ], [ 117.769447326578742, 1.989015102258473 ], [ 117.762153625410932, 1.985665081929053 ], [ 117.757751464598769, 1.998052120423698 ], [ 117.764236450245534, 2.000897168948342 ], [ 117.76715087877632, 2.005300044994728 ], [ 117.77324676544599, 2.006612061801958 ], [ 117.77813720642915, 1.992851138174037 ], [ 117.778137207327447, 1.992784142837967 ], [ 117.778129577935772, 1.992633581080745 ], [ 117.778053284018682, 1.992227077015814 ], [ 117.77794647163644, 1.991835116765371 ], [ 117.777748107452041, 1.99146902574258 ], [ 117.777549744165938, 1.991198062653462 ], [ 117.777236939105904, 1.991102098811879 ], [ 117.776947021322684, 1.990990042384198 ], [ 117.776252746677258, 1.990730047310511 ], [ 117.775650024732329, 1.990671038478145 ], [ 117.774848938602972, 1.990397095548298 ], [ 117.773750304400394, 1.989962100986599 ], [ 117.773452758123767, 1.989826082904061 ], [ 117.772621154427597, 1.989883900421136 ], [ 117.769950866431472, 1.989218115891668 ], [ 117.769447326578742, 1.989019036304357 ] ] ] ] } },
{ "type": "Feature", "properties": { "objectid": 6523, "country": "IDN", "name": "PT. Sentosa Kalimantan Jaya 1", "company": "PT. Sentosa Kalimantan Jaya", "group_comp": "No group", "subgroup": null, "groupid": "99", "type": "No Data", "area_ha": "3048", "source": "Varies", "last_updat": "2014", "gfwid": "cc130921-8eb5-468c-8b73-f844f7d0244a", "cert_stat": null, "globalid": "{A1709BD4-B9C9-4AA1-85C2-9C4FD57E7EA2}", "st_areasha": 30731066.864332002, "st_lengths": 28683.264626 }, "geometry": { "type": "MultiPolygon", "coordinates": [ [ [ [ 118.077095917638133, 2.292983734762848 ], [ 118.03779670715106, 2.294080319303439 ], [ 118.033586987930661, 2.347290118603524 ], [ 118.03730437198486, 2.34728735052372 ], [ 118.044742056024745, 2.350465851961863 ], [ 118.046868981851603, 2.353666409021849 ], [ 118.048465567487511, 2.357916652937314 ], [ 118.046877329895509, 2.364828727808439 ], [ 118.046880532389523, 2.369098268956063 ], [ 118.049005894249476, 2.370154992472907 ], [ 118.051129662498113, 2.369095034194998 ], [ 118.053781987781818, 2.365366211299707 ], [ 118.055371783950804, 2.360570818374208 ], [ 118.059086927606714, 2.356850231891385 ], [ 118.065985854241447, 2.349925063285649 ], [ 118.067575614477889, 2.345138728366467 ], [ 118.067571587330463, 2.339819925570995 ], [ 118.069690454370885, 2.332364745009253 ], [ 118.072340686579977, 2.325985586911595 ], [ 118.076056755500616, 2.324381677541646 ], [ 118.076055140329743, 2.322246925633301 ], [ 118.073930823210475, 2.321714862216815 ], [ 118.071806748636334, 2.32225017217121 ], [ 118.070742106684108, 2.319057893692694 ], [ 118.07180074699194, 2.31427197705023 ], [ 118.076576382383493, 2.308415861494609 ], [ 118.080821912942667, 2.304685855086475 ], [ 118.085070802302752, 2.304682605815579 ], [ 118.086135693088323, 2.308942237414246 ], [ 118.088793032767953, 2.310541250895319 ], [ 118.090916512657387, 2.310005927540432 ], [ 118.093565008423028, 2.301492052484616 ], [ 118.092496879210856, 2.292971998695025 ], [ 118.077095917638133, 2.292983734762848 ] ] ] ] } },
{ "type": "Feature", "properties": { "objectid": 6524, "country": "IDN", "name": "PT. Jabontara Eka Karsa 3", "company": "PT. Jabontara Eka Karsa", "group_comp": "No group", "subgroup": null, "groupid": "99", "type": "HGU", "area_ha": "5642", "source": "Varies", "last_updat": "2014", "gfwid": "08279896-803f-4ed4-b17a-7821da32ddf0", "cert_stat": null, "globalid": "{79241E31-A21D-4F85-B4AF-9E99008A6659}", "st_areasha": 56830427.318214998, "st_lengths": 37754.308233000003 }, "geometry": { "type": "MultiPolygon", "coordinates": [ [ [ [ 118.246543213575109, 1.535542487082624 ], [ 118.371008709251257, 1.466527207221832 ], [ 118.357001064328642, 1.450391165099737 ], [ 118.347915339153317, 1.441225361773893 ], [ 118.296193662572065, 1.468978394714141 ], [ 118.266672589698132, 1.485014251428854 ], [ 118.23348446986688, 1.509997787265331 ], [ 118.246543213575109, 1.535542487082624 ] ] ] ] } },
{ "type": "Feature", "properties": { "objectid": 6547, "country": "IDN", "name": "PT. PALMAKHARISMA SEKAWAN 2", "company": "PT. PALMAKHARISMA SEKAWAN", "group_comp": "No group", "subgroup": null, "groupid": "99", "type": "No Data", "area_ha": "53076", "source": "Varies", "last_updat": "2014", "gfwid": "a6df3577-04e3-4e00-9423-b1dd95d0301c", "cert_stat": null, "globalid": "{393B0D56-3D18-43A7-BF5F-753B920AC279}", "st_areasha": 535138375.50187999, "st_lengths": 118485.80690700001 }, "geometry": { "type": "MultiPolygon", "coordinates": [ [ [ [ 117.349551568280631, 2.188167317973099 ], [ 117.33803593619443, 2.185585845939586 ], [ 117.319237514776177, 2.193810154993587 ], [ 117.298408384284485, 2.204224719330303 ], [ 117.296672623559914, 2.193810154993587 ], [ 117.294720046356659, 2.180792971509365 ], [ 117.293899536854227, 2.18102288226223 ], [ 117.284698485962778, 2.191682100777759 ], [ 117.277603149877677, 2.20014691415319 ], [ 117.269699096474909, 2.205122947751787 ], [ 117.260696410666156, 2.203830003456062 ], [ 117.255500794014694, 2.201601982127536 ], [ 117.247703552095828, 2.194453001051635 ], [ 117.244400024587932, 2.185003996709876 ], [ 117.240600586619024, 2.175019979372965 ], [ 117.235397338779222, 2.171926022161341 ], [ 117.217498779543973, 2.172981976974746 ], [ 117.204002380222548, 2.174681901370599 ], [ 117.19889831537327, 2.171592950670239 ], [ 117.194198608284481, 2.164704084185204 ], [ 117.195701599349277, 2.154349089445647 ], [ 117.19889831537327, 2.143695115341631 ], [ 117.199401856124311, 2.131577968895524 ], [ 117.195602417257064, 2.122807025934905 ], [ 117.186798095632767, 2.114588976504147 ], [ 117.175399780827718, 2.11218905485149 ], [ 117.16210174569072, 2.113200902652706 ], [ 117.152801513605382, 2.108779907057367 ], [ 117.147598266663863, 2.106379032048749 ], [ 117.143798827796644, 2.106966972522959 ], [ 117.116500854383872, 2.123182058412981 ], [ 117.071296692344134, 2.162630080979782 ], [ 117.053901672961629, 2.17964100878189 ], [ 117.027702331954771, 2.206800937534338 ], [ 117.008300780756429, 2.240912914579395 ], [ 117.006986630835712, 2.246139869323302 ], [ 117.010272083341789, 2.248486621164752 ], [ 117.025893931659695, 2.250222382804348 ], [ 117.039780018354719, 2.244147219256688 ], [ 117.040647898716998, 2.249354501793927 ], [ 117.037176377267798, 2.263240588821024 ], [ 117.043251540702215, 2.268447871206702 ], [ 117.043251539803862, 2.274523034528237 ], [ 117.039780018354719, 2.280598197397599 ], [ 117.042383659441583, 2.289277001345758 ], [ 117.048458822875958, 2.301427327220812 ], [ 117.052798224687393, 2.311841892179695 ], [ 117.050194583600543, 2.322256457009053 ], [ 117.051062463962822, 2.33093526269256 ], [ 117.049597591110469, 2.339724499008735 ], [ 117.055397033736384, 2.340478897070437 ], [ 117.068901062449484, 2.339818001188777 ], [ 117.080802918005588, 2.336517094817679 ], [ 117.0966033936228, 2.330894947347975 ], [ 117.119102477854625, 2.322000980392536 ], [ 117.201103210475182, 2.288789033600352 ], [ 117.226501465352669, 2.279104947506938 ], [ 117.256698608512835, 2.271639109283774 ], [ 117.27799987824649, 2.268774032602528 ], [ 117.292999267734388, 2.267290114616398 ], [ 117.311798096089476, 2.265738964794537 ], [ 117.327102661245661, 2.264957904842141 ], [ 117.338500976949049, 2.264931917136497 ], [ 117.361994059619136, 2.265232818691136 ], [ 117.355688492687463, 2.205960481057363 ], [ 117.360895774861191, 2.194678035436572 ], [ 117.348745449789078, 2.193810154993587 ], [ 117.349551568280631, 2.188167317973099 ] ] ] ] } },
{ "type": "Feature", "properties": { "objectid": 6549, "country": "IDN", "name": "PT. BADIWATA PALMAINDO", "company": "PT. BADIWATA PALMAINDO", "group_comp": "No group", "subgroup": null, "groupid": "99", "type": "No Data", "area_ha": "15193", "source": "Varies", "last_updat": "2014", "gfwid": "c458c7e9-06fc-4f1b-8fdd-744c6f3bc551", "cert_stat": null, "globalid": "{52FFF565-AB43-4E1D-A90C-341B65CC64C4}", "st_areasha": 153072802.454992, "st_lengths": 90932.406531999994 }, "geometry": { "type": "MultiPolygon", "coordinates": [ [ [ [ 117.939903259899879, 1.686166048128143 ], [ 117.941001892305835, 1.686804056990787 ], [ 117.949401855271319, 1.688819051307534 ], [ 117.960197449029749, 1.688627958473652 ], [ 117.969398499022901, 1.685140013505376 ], [ 117.983703613865345, 1.679484963901541 ], [ 117.964401244759188, 1.666805029467494 ], [ 117.960700988882479, 1.664340018938724 ], [ 117.968399047810806, 1.643599033464429 ], [ 117.950698852759999, 1.628872991340568 ], [ 117.943298339209946, 1.623772025026339 ], [ 117.931337378101418, 1.616922975476305 ], [ 117.908457586953887, 1.637394366325628 ], [ 117.90289711236322, 1.635011305716003 ], [ 117.893364869694494, 1.638188720130667 ], [ 117.891776162283591, 1.63103953713598 ], [ 117.889393101616449, 1.630245184094909 ], [ 117.875889090869634, 1.637394366325628 ], [ 117.873506030202492, 1.632628244971077 ], [ 117.867945554713501, 1.625479062863395 ], [ 117.862385080122834, 1.612769405508416 ], [ 117.862385080122834, 1.603237163120144 ], [ 117.887010040949264, 1.591321859706001 ], [ 117.890402834046938, 1.564179511837685 ], [ 117.8822021488525, 1.541226982498728 ], [ 117.876998901012698, 1.517372965684513 ], [ 117.868499755056703, 1.485371947268494 ], [ 117.860099792091162, 1.455096006083087 ], [ 117.854896546047996, 1.443132042653736 ], [ 117.838203430702634, 1.446684956867844 ], [ 117.835296630665269, 1.451815008770036 ], [ 117.83090209924481, 1.461230039770726 ], [ 117.825302124832774, 1.470800042019242 ], [ 117.817802429190522, 1.478448987483369 ], [ 117.809402466225038, 1.48573994595666 ], [ 117.796401977364681, 1.495722055763687 ], [ 117.78720092826984, 1.5011060238397 ], [ 117.832298278825661, 1.500367045672635 ], [ 117.832099914641276, 1.570670961872361 ], [ 117.829597473262695, 1.595620989664523 ], [ 117.832298278825661, 1.608582973353729 ], [ 117.838699340265322, 1.619874954152918 ], [ 117.846298217999788, 1.629631996146741 ], [ 117.855201721716327, 1.636477946832784 ], [ 117.865097046354876, 1.640926957195078 ], [ 117.875900268606713, 1.645215987872699 ], [ 117.886398316088531, 1.649155020733836 ], [ 117.89890289269124, 1.652778983272758 ], [ 117.908302306868791, 1.656358957202193 ], [ 117.913200378141994, 1.66194200492895 ], [ 117.916603087742104, 1.667503953360487 ], [ 117.921997070374601, 1.67430102841778 ], [ 117.931396484552153, 1.681154012777579 ], [ 117.939903259899879, 1.686166048128143 ] ] ] ] } },
{ "type": "Feature", "properties": { "objectid": 6550, "country": "IDN", "name": "PT. AGRO CITY KALTIM 2", "company": "PT. AGRO CITY KALTIM", "group_comp": "No group", "subgroup": null, "groupid": "99", "type": "No Data", "area_ha": "10647", "source": "Varies", "last_updat": "2014", "gfwid": "68be32ea-2a54-4d3a-8470-139e24e78b05", "cert_stat": null, "globalid": "{4FFB6832-CD63-4446-8846-69A49DAB586A}", "st_areasha": 107242111.353982, "st_lengths": 44054.926360999998 }, "geometry": { "type": "MultiPolygon", "coordinates": [ [ [ [ 118.373703002926717, 1.419994950392106 ], [ 118.478956760525733, 1.357929485743276 ], [ 118.464994776070668, 1.343807017765912 ], [ 118.435034906723132, 1.311974656342789 ], [ 118.433015154401247, 1.284203059892084 ], [ 118.354698180995484, 1.33131802087145 ], [ 118.373703002926717, 1.419994950392106 ] ] ] ] } }
]
}
